9,2023-10-23 16:52:07+05:30,"The logo of Tesla is seen in Taipei, Taiwan August 11, 2017. REUTERS/Tyrone Siu/File Photo Acquire Licensing RightsOct 23 (Reuters) - Tesla (TSLA.O) said on Monday its capital expenditure for 2023 wo… ",https://c.biztoc.com/p/afdead1b4a1d9174/s.webp,https://biztoc.com/x/afdead1b4a1d9174,Tesla to exceed $9 bln spending target this year as it rolls out new models,reuters.com,reuters.com,2,1
12,2023-10-23 16:37:38+05:30,"The electric vehicle (EV) industry, once considered the harbinger of a green revolution, is starting to show cracks in its façade, with Lucid Motors (NASDAQ: LCID) epitomizing this turbulent phase. … ",https://finbold.com/app/uploads/2023/10/Lucid-stock-price-prediction-2025.jpg,https://finbold.com/lucid-stock-price-prediction-2025/,Lucid stock price prediction 2025,Jordan Major,Jordan Major,7,2
11,2023-10-23 16:45:00+05:30,"Founder &amp; CEO of UNFOLD + The Academy of Tomorrow. World-renowned Futurist Keynote Speaker, empowering leaders to drive transformation
getty
In a world where change is not only a constant but a… ",https://imageio.forbes.com/specials-images/imageserve/6532d9065be113233a6e3ebd/0x0.jpg?format=jpg&height=900&width=1600&fit=bounds,https://www.forbes.com/sites/forbescoachescouncil/2023/10/23/exponential-thinking-the-secret-sauce-of-digital-transformation/,Exponential Thinking: The Secret Sauce Of Digital Transformation,"Lital Marom, Forbes Councils Member, 
 Lital Marom, Forbes Councils Member
 https://www.forbes.com/sites/forbescoachescouncil/people/litalmarom/",Lital Marom,3,1
111,2023-10-23 16:45:00+05:30,"Founder &amp; CEO of UNFOLD + The Academy of Tomorrow. World-renowned Futurist Keynote Speaker, empowering leaders to drive transformation
getty
In a world where change is not only a constant but a… ",https://imageio.forbes.com/specials-images/imageserve/6532d9065be113233a6e3ebd/0x0.jpg?format=jpg&height=900&width=1600&fit=bounds,https://www.forbes.com/sites/forbescoachescouncil/2023/10/23/exponential-thinking-the-secret-sauce-of-digital-transformation/,Exponential Thinking: The Secret Sauce Of Digital Transformation,"Lital Marom, Forbes Councils Member, 
 Lital Marom, Forbes Councils Member
 https://www.forbes.com/sites/forbescoachescouncil/people/litalmarom/",Lital Marom,4,3
19,2023-10-23 16:26:37+05:30,Theres not much that could dissuade markets from the view that the Federal Reserve will keep interest rates on hold on Nov. 1.Thats not for a lack of news in the week and a half between now and then.… ,https://images.barrons.com/im-735595/social,https://www.barrons.com/articles/what-to-know-today-d93c3973,Markets Are Confident the Fed’s Done on Rates. Why That’s Dangerous.,Aayega to modi hi,Modi Ji,6,1
123,2023-10-23 15:50:09+05:30,None Tesla's stock had its worst five-day stretch of 2023 last week.None Shares plunged 16% as the EV maker missed its quarterly targets and CEO Elon Musk warned of a potential profitability slowdown… ,https://c.biztoc.com/p/ba47dd8871a80589/s.webp,https://biztoc.com/x/ba47dd8871a80589,"Tesla''s stock just had its worst week of 2023, plunging 16% on Elon Musk''s earnings-call nightmare",aol.com,aol.com,2,4
141,2023-10-23 14:25:37+05:30,"Billionaires should face a minimum tax rate, according to a report which found some of the world''s mega-wealthy are paying little to no tax.
The EU Tax Observatory said most people pay a higher rate… ",https://ichef.bbci.co.uk/news/1024/branded_news/9E5C/production/_131504504_blokewithmoney.png,https://www.bbc.com/news/business-67191791,"Billionaires should face a minimum tax rate, report says",Bbc News,Bbc News,11,2
148,2023-10-23 13:43:00+05:30,"Dublin, Oct. 23, 2023 (GLOBE NEWSWIRE) -- The '"Swappable Electric Vehicle Battery Market Size, Market Share, Application Analysis, Regional Outlook, Growth Trends, Key Players, Competitive Strategies… ",https://ml.globenewswire.com/Resource/Download/908fb457-7f8e-4a08-9081-5565e3dfb3d7,https://www.globenewswire.com/news-release/2023/10/23/2764439/28124/en/Global-Swappable-Electric-Vehicle-Battery-Market-Report-2023-Size-Market-Share-Application-Analysis-Regional-Outlook-Growth-Trends-Key-Players-Competitive-Strategies-and-Forecasts-.html,"Global Swappable Electric Vehicle Battery Market Report 2023: Size, Market Share, Application Analysis, Regional Outlook, Growth Trends, Key Players, Competitive Strategies and Forecasts 2021-2031",Research and Markets,Research and Markets,3,5
156,2023-10-23 12:45:42+05:30,"By Nick Carey, Akash Sriram and Ernest Scheyder
(Reuters) -China''s move on Friday to curb exports of graphite, a key electric vehicle battery material, will only accelerate efforts to develop altern… ",https://i-invdn-com.investing.com/news/moved_LYNXMPEHA919L_L.jpg,https://www.investing.com/news/economy/analysischinas-graphite-curbs-will-accelerate-plans-around-alternatives-3204630,China's graphite curbs will accelerate plans around alternatives,Reuters,Reuters,5,1
160,2023-10-23 12:05:40+05:30,"A race is on to certify battery health and performance in used electric vehicles, with a clutch of startups scrambling to help buyers figure out how much a secondhand EV is really worth.With traditio… ","https://img.etimg.com/thumb/msid-104643422,width-1200,height-630,imgsize-50964,overlay-economictimes/photo.jpg",https://economictimes.indiatimes.com/industry/renewables/the-battery-test-race-to-work-out-what-used-evs-are-really-worth/articleshow/104643144.cms,The battery test race to work out what used EVs are really worth,Reuters,Reuters,4,1
177,2023-10-23 08:30:24+05:30,"Sign up for daily news updates from CleanTechnica on email. Or follow us on Google News!
The Equitable and Affordable Solutions to Electrification Prize Announces 6 Finalist Teams
Buildings account… ",http://cleantechnica.com/files/2019/07/san-franciso-houses-residential-homes-hills-downtown-buildings-legoland-streets-cars-KYLE-1-e1620484803839.jpg,https://cleantechnica.com/2023/10/22/prize-finalists-make-home-electrification-solutions-look-eas-e/,Prize Finalists Make Home Electrification Solutions Look EAS-E,U.S. Department of Energy,U.S. Department of Energy,2,1
178,2023-10-23 07:30:00+05:30,"NEW YORK As his last musical Hear We Are confirms, Stephen Sondheim died happy, at the top of his lyrical and compositional game and clearly in love.
To love is to live was a Sondheim creed. So the … ",https://www.chicagotribune.com/resizer/IkZ8EI3xhYYasJ6d-9bQEqsCr1M=/1200x630/filters:format(jpg):quality(70)/cloudfront-us-east-1.images.arcpublishing.com/tronc/KGR4ILUBJRDWPIPXZVEY74LEU4.jpg,https://www.chicagotribune.com/entertainment/theater/broadway/ct-ent-here-we-are-sondheim-last-musical-review-20231023-xhp3n6eoq5cjrjyn773rbcehjq-story.html,"Review: ‘Here We Are’ opens off-Broadway, Sondheim’s final, life-loving musical",Chris Jones,Chris Jones,1,1
196,2023-10-23 01:56:51+05:30,"Elon Musk says he will give Wikipedia a cheeky $1 billion on one condition. 
The free online encyclopaedia is always looking for donations from people around the world. 
A dedicated team of volunte… ",https://images.ladbible.com/resize?type=jpeg&quality=70&width=1200&fit=contain&gravity=auto&url=https://images.ladbiblegroup.com/v3/assets/blt949ea8e16e463049/blteb891a21236d2a55/653583ab960b9efe6e629eef/elon-musk-wikipedia.png,https://www.unilad.com/news/elon-musk-says-he-will-give-wikipedia-1-billion-on-one-condition-561941-20231022,Elon Musk says he will give $1 billion to Wikipedia if they change their name to D*ckipedia,Stewart Perrie,Stewart Perrie,1,5
70,2023-10-23 11:06:00+05:30,"Wilmington, Delaware, Oct. 23, 2023 (GLOBE NEWSWIRE) -- Allied Market Research has recently released a report entitled, '"Electric Vehicle Market
 by Type (Fuel Cell Electric Vehicle, Plug-in Hybrid … ",https://ml.globenewswire.com/Resource/Download/9c430095-89f7-48b4-b8f0-e1f4ed1a5660,https://www.globenewswire.com/news-release/2023/10/23/2764378/0/en/Electric-Vehicle-Market-EV-Industry-Is-Set-to-Reach-an-Estimate-of-823-75-Billion-by-2030-at-a-Compound-Annual-Growth-Rate-CAGR-Of-18-2-Allied-Market-Research.html,"Electric Vehicle Market (EV Industry) Is Set to Reach an Estimate of $823.75 Billion by 2030, at a Compound Annual Growth Rate (CAGR) Of 18.2%: Allied Market Research",Allied Market Research,Allied Market Research,8,3
162,2023-10-23 11:41:18+05:30,"LONDON/DETROIT, Oct 23 (Reuters) - A race is on to certify battery health and performance in used electric vehicles, with a clutch of startups scrambling to help buyers figure out how much a secondha… ",https://www.reuters.com/resizer/NxPEXsSK9CuFRkl8PFJZZ_XN7KA=/1200x628/smart/filters:quality(80)/cloudfront-us-east-2.images.arcpublishing.com/reuters/2KGVNJSTZBPARLFUSVCX6FOMHY.jpg,https://www.reuters.com/business/autos-transportation/battery-test-race-work-out-what-used-evs-are-really-worth-2023-10-23/,Focus: The battery test race to work out what used EVs are really worth,Nick Carey,Nick Carey,6,2
20,2023-10-23 15:56:10+05:30,"The heavyweights in business continue to wax poetic on the economy and interest rates and, similar to what I wrote last week in these pages, it would be wise to listen to them.My esteemed colleague J… ",https://c.biztoc.com/p/fcf68f1234e59031/s.webp,https://biztoc.com/x/fcf68f1234e59031,"Why you should carefully consider what Jamie Dimon, Elon Musk and American Express just told the investing world",finance.yahoo.com,finance.yahoo.com,11,3
21,2023-10-23 15:52:27+05:30,"WAYNE, Mich. -- Throughout its 5-week-old strikes against Detroits automakers, the United Auto Workers union has cast an emphatically combative stance, reflecting the style of its pugnacious leader, … ",https://i.abcnewsfe.com/a/d03121a1-d7bb-4da3-b562-444f12074ccc/wirestory_0e3e71f44f075fda066f499bb2165b48_16x9.jpg?w=992,https://abcnews.go.com/US/wireStory/uaws-confrontational-leader-makes-gains-strike-talks-reached-104216847,"UAW''s confrontational leader makes gains in strike talks, but some wonder: Has he reached too far?",TOM KRISHER AP auto writer,TOM KRISHER AP auto writer,5,4
22,2023-10-23 15:50:13+05:30,"The heavyweights in business continue to wax poetic on the economy and interest rates and, similar to what I wrote last week in these pages, it would be wise to listen to them.My esteemed colleague J… ",https://c.biztoc.com/p/2c00ef118e4eb1b3/s.webp,https://biztoc.com/x/2c00ef118e4eb1b3,"Why you should carefully consider what Jamie Dimon, Elon Musk and American Express just told the investing world",aol.com,aol.com,1,1
23,2023-10-23 15:50:09+05:30,None Tesla's stock had its worst five-day stretch of 2023 last week.None Shares plunged 16% as the EV maker missed its quarterly targets and CEO Elon Musk warned of a potential profitability slowdown… ,https://c.biztoc.com/p/ba47dd8871a80589/s.webp,https://biztoc.com/x/ba47dd8871a80589,"Tesla''s stock just had its worst week of 2023, plunging 16% on Elon Musk''s earnings-call nightmare",aol.com,aol.com,7,5
50,2023-10-23 13:34:08+05:30,"Teslas double-digit plunge helped lead the CE 100 Index down yet again, slipping 2.1% in a week that saw all pillars, save one, retreat.The Communications pillar was the sole gainer, adding 2.2%.Snap… ",https://c.biztoc.com/p/e312524671e8d7d5/s.webp,https://biztoc.com/x/e312524671e8d7d5,CE 100 Index Loses 2.1% as Tesla Shares Slump on Earnings,pymnts.com,pymnts.com,4,4
24,2023-10-23 15:49:00+05:30,"What just happened? China has responded to increasing US sanctions on tech sales to the Asian nation by announcing export controls on some categories of graphite, a material used in electric vehicle … ",https://www.techspot.com/images2/news/bigimage/2023/10/2023-10-23-image.jpg,https://www.techspot.com/news/100580-china-introduces-export-restrictions-graphite-essential-material-ev.html,"China announces export restrictions on graphite, an essential material in EV battery production",Rob Thubron,Rob Thubron,5,5
25,2023-10-23 15:47:32+05:30,"More Tesla Supercharger locations are sprouting up in Malaysia, with the latest being sighted at the Freeport AFamosa Outlet in Melaka. Located on the parking grounds of the shopping mall, the site w… ",https://paultan.org/image/2023/10/Tesla_Supercharger_Melaka_Freeport_AFamosa_Outlet-3-1200x675.jpg,https://paultan.org/2023/10/23/tesla-supercharger-set-up-at-freeport-afamosa-outlet-in-melaka/,Tesla Supercharger set up at Freeport A’Famosa Outlet in Melaka – four V3 250 kW units; Tesla charging only,Gerard Lye,Gerard Lye,11,3
26,2023-10-23 15:44:06+05:30,"Throughout its 5-week-old strikes against Detroits automakers, the United Auto Workers union has cast an emphatically combative stance, reflecting the style of its pugnacious leader, Shawn Fain.Armed… ",https://c.biztoc.com/p/0b2143f91ba7d57b/s.webp,https://biztoc.com/x/0b2143f91ba7d57b,"UAW''s confrontational leader makes gains in strike talks, but some wonder: Has he reached too far?",apnews.com,apnews.com,9,4
27,2023-10-23 15:42:10+05:30,"LONDON/DETROIT (Reuters) - A race is on to certify battery health and performance in used electric vehicles, with a clutch of startups scrambling to help buyers figure out how much a secondhand EV is… ",https://c.biztoc.com/p/df6f6ff0d6691736/s.webp,https://biztoc.com/x/df6f6ff0d6691736,The battery test race to work out what used EVs are really worth,investing.com,investing.com,6,4
61,2023-10-23 11:42:07+05:30,"This report is from today''s CNBC Daily Open, our new, international markets newsletter. CNBC Daily Open brings investors up to speed on everything they need to know, no matter where they are. Like wh… ",https://c.biztoc.com/p/7301031c97fd24e7/s.webp,https://biztoc.com/x/7301031c97fd24e7,Daily Open: Feeling of uncertainty is hard to shrug off for investors,cnbc.com,cnbc.com,7,4
28,2023-10-23 15:37:00+05:30,"WAYNE, Mich. -- Throughout its 5-week-old strikes against Detroits automakers, the United Auto Workers union has cast an emphatically combative stance, reflecting the style of its pugnacious leader, … ",https://i.abcnewsfe.com/a/d03121a1-d7bb-4da3-b562-444f12074ccc/wirestory_0e3e71f44f075fda066f499bb2165b48_16x9.jpg?w=992,https://abcnews.go.com/Business/wireStory/uaws-confrontational-leader-makes-gains-strike-talks-reached-104216848,"UAW''s confrontational leader makes gains in strike talks, but some wonder: Has he reached too far?",TOM KRISHER AP auto writer,TOM KRISHER AP auto writer,7,4
29,2023-10-23 15:34:12+05:30,The Cybertruck pre-release buzz was in high gear until Elon Musk spoke on Wednesday.The buzz-kill came when Musk made a series of grim statements during the third-quarter earnings conference call abo… ,https://c.biztoc.com/p/22a0a90e1b1f6cae/og.webp,https://biztoc.com/x/22a0a90e1b1f6cae,"As Tesla Puts Brakes On Cybertruck, Rivian Speeds Ahead",forbes.com,forbes.com,2,4
75,2023-10-23 08:58:08+05:30,"to the list of automakers pumping the brakes on the prospects of electric pickup trucks.We dug our own grave with Cybertruck, Tesla CEO Elon Musk said during the companys Q3 earnings call on Wednesda… ",https://c.biztoc.com/p/2a80ec978829759b/og.webp,https://biztoc.com/x/2a80ec978829759b,"Cybertruck, Ford and GM EV pickups: Dug graves and unrealistic expectations",finance.yahoo.com,finance.yahoo.com,1,2
31,2023-10-23 15:30:00+05:30,"Generative AI (genAI) will soon infiltrate every aspect of our personal and business lives, meaning humanity will need to reevaluate it relationship with machines machines that are continuing to beco… ","https://images.idgesg.net/images/article/2023/10/shutterstock_1497321806-100947461-large.jpg?auto=webp&quality=85,70",https://www.computerworld.com/article/3709249/qa-the-human-machine-relationship-requires-mutual-understanding-respect-for-ai.html,"Q&A: The human-machine relationship requires mutual understanding, respect for AI",Lucas Mearian,Lucas Mearian,9,1
73,2023-10-23 10:08:07+05:30,"Billionaire Elon Musk has been in the news ever since his takeover of Twitter, which was later changed to X. The Founder of SpaceX and Tesla posts on the microblogging platform regularly, often intri… ",https://c.biztoc.com/p/9fc650adfaa596e6/og.webp,https://biztoc.com/x/9fc650adfaa596e6,Elon Musk Willing To Offer $1 Billion To Wikipedia If It Changes Name To..,ndtv.com,ndtv.com,5,5
90,2023-10-23 04:44:10+05:30,"Skip to comments.
Elon Musk Says Hell Give Wikipedia $1 Billion if They Change Their Name to D*ckipediaYahoo ^
 | Unknown 
Posted on 10/22/2023 4:14:10 PM PDT by jacknhoo
Elon Musk made a bold do… ",,https://freerepublic.com/focus/f-chat/4191545/posts,Elon Musk Says He’ll Give Wikipedia $1 Billion if They Change Their Name to D*ckipedia,Yahoo,Yahoo,4,2
91,2023-10-23 04:14:12+05:30,"Skip to comments.
Has Biden''s EV revolution ALREADY lost its spark? Experts say motorists are rejecting White House push for electric vehicles - as Ford and GM both scale back on production of their… ",,https://freerepublic.com/focus/f-chat/4191539/posts,Has Biden's EV revolution ALREADY lost its spark? Experts say motorists are rejecting White House push for electric vehicles - as Ford and GM both scale back on production of their eco pickup trucks (only 7.25 years left),Daily Mail,Daily Mail,10,5
33,2023-10-23 15:11:13+05:30,"World''s richest man Elon Musk has offered to donate $1 billion to Wikipedia, but with an unusual condition. Musk jokingly suggested that the renowned online encyclopedia consider changing its name to… ","https://img.etimg.com/thumb/msid-104648455,width-1200,height-630,imgsize-559842,overlay-economictimes/photo.jpg",https://economictimes.indiatimes.com/news/new-updates/in-another-unusual-suggestion-elon-musk-wants-to-donate-1-billion-to-wikipedia-but-/articleshow/104647829.cms,"In another unusual suggestion, Elon Musk wants to donate $1 billion to Wikipedia, but...",ET Online,ET Online,2,3
34,2023-10-23 15:00:05+05:30,"<ul><li>Last month, MicroStrategy added 5,445 BTC for $147.3 million.</li><li>If the SEC approving spot BTC ETFs could trigger another rally, it could lead to another profitable turn for the firm.</l… ",https://statics.ambcrypto.com/wp-content/uploads/2023/10/capture-11-1000x600.webp,https://ambcrypto.com/?p=352935,"MicroStrategy’s Bitcoin holdings pay off, thanks to bull run",Suzuki Shillsalot,Suzuki Shillsalot,5,1
35,2023-10-23 14:54:07+05:30,"None Tesla CEO Elon Musk pulled up to the F1 race in Austin, Texas on Sunday in his company''s new Cybertruck.None His surprise visit drew a crowd of onlookers, with some X users calling the move '"fre… ",https://c.biztoc.com/p/bb72c08d4a878b80/s.webp,https://biztoc.com/x/bb72c08d4a878b80,Elon Musk just served a lesson in free advertisement for the Tesla Cybertruck,aol.com,aol.com,9,3
36,2023-10-23 14:52:29+05:30,"Tesla CEO Elon Musk.Chesnot via Getty Images
<ul>
<li>Tesla''s stock had its worst five-day stretch of 2023 last week.</li>
<li>Shares plunged 16% as the EV maker missed its quarterly targets and CEO… ",https://i.insider.com/6536394b0487ff031cab7b77?width=1200&format=jpeg,https://markets.businessinsider.com/news/stocks/elon-musk-tesla-stock-price-market-outlook-cybertruck-earnings-call-2023-10,"Tesla''s stock just had its worst week of 2023, plunging 16% on Elon Musk''s earnings-call nightmare",George Glover,George Glover,8,4
37,2023-10-23 14:45:59+05:30,"Tech mogul Elon Musk, the man behind SpaceX and Tesla, has offered a staggering $1 billion to Wikipedia, the popular online encyclopedia.However, this generous donation comes with an unusual conditio… ","https://img.etimg.com/thumb/msid-104647689,width-1200,height-630,imgsize-79604,overlay-etpanache/photo.jpg",https://economictimes.indiatimes.com/magazines/panache/billion-dollar-joke-teslas-elon-musk-offers-1-bn-to-wikipedia-for-nsfw-name-change/articleshow/104647468.cms,Billion-dollar joke! Tesla's Elon Musk offers $1 bn to Wikipedia for NSFW name change,ET Online,ET Online,1,1
38,2023-10-23 14:40:10+05:30,"Cryptocurrency markets have experienced a rather dull year so far. Investors are facing one of the longest winters, losing interest in one of the most exciting technologies of the past decade. This i… ",https://c.biztoc.com/p/2a3ab1b90f1823bd/s.webp,https://biztoc.com/x/2a3ab1b90f1823bd,Crypto Resurgence: High-Growth Projects to Look Out for in 2024,cryptodaily.co.uk,cryptodaily.co.uk,7,1
39,2023-10-23 14:30:00+05:30,"The Week That Was: 2023-10-21 (October 21, 2023)Brought to You by SEPP (www.SEPP.org)The Science and Environmental Policy Project
Quote of the Week: 
It is a pleasure to stand upon the shore, and t… ",https://wattsupwiththat.com/wp-content/uploads/2020/12/wuwt-logo.jpg,https://wattsupwiththat.com/2023/10/23/weekly-climate-and-energy-news-roundup-573/,Weekly Climate and Energy News Roundup #573,Guest Blogger,Guest Blogger,11,1
40,2023-10-23 14:29:29+05:30,"Table of Contents
Cryptocurrency markets have experienced a rather dull year so far. Investors are facing one of the longest winters, losing interest in one of the most exciting technologies of the … ",https://cryptodaily.blob.core.windows.net/space/CryptoDaily-Secondary-Imagedfghgfdsdfghgfdewedfghnm.jpg,https://cryptodaily.co.uk/2023/10/crypto-resurgence-high-growth-projects-to-look-out-for-in-2024,Crypto Resurgence: High-Growth Projects to Look Out for in 2024,CryptoDaily,CryptoDaily,11,5
41,2023-10-23 14:25:37+05:30,"Billionaires should face a minimum tax rate, according to a report which found some of the world''s mega-wealthy are paying little to no tax.
The EU Tax Observatory said most people pay a higher rate… ",https://ichef.bbci.co.uk/news/1024/branded_news/9E5C/production/_131504504_blokewithmoney.png,https://www.bbc.com/news/business-67191791,"Billionaires should face a minimum tax rate, report says",Bbc News,Bbc News,7,3
42,2023-10-23 14:14:05+05:30,"Toyota Motor Corporation''s cars are seen at a briefing on the company''s strategies on battery EVs in Tokyo, Japan December 14, 2021. REUTERS/Kim Kyung-Hoon/File photo Acquire Licensing RightsTOKYO, O… ",https://c.biztoc.com/p/2f49d5419bdc0163/s.webp,https://biztoc.com/x/2f49d5419bdc0163,"Japan auto show returns, as industry faces EV turning point",reuters.com,reuters.com,4,2
43,2023-10-23 14:09:34+05:30,"Tesla CEO Elon Musk introducing the Cybertruck in November 2019.Frederic J. Brown/AFP via Getty Images
<ul>
<li>Tesla CEO Elon Musk pulled up to the F1 race in Austin, Texas on Sunday in his company… ",https://i.insider.com/653622a696908fd7cdb4e39c?width=1200&format=jpeg,https://www.businessinsider.com/elon-musk-tesla-cybertruck-free-advertising-f1-race-austin-texas-2023-10,Elon Musk just served a lesson in free advertisement for the Tesla Cybertruck,Kai Xiang Teo,Kai Xiang Teo,4,1
150,2023-10-23 13:34:08+05:30,"Teslas double-digit plunge helped lead the CE 100 Index down yet again, slipping 2.1% in a week that saw all pillars, save one, retreat.The Communications pillar was the sole gainer, adding 2.2%.Snap… ",https://c.biztoc.com/p/e312524671e8d7d5/s.webp,https://biztoc.com/x/e312524671e8d7d5,CE 100 Index Loses 2.1% as Tesla Shares Slump on Earnings,pymnts.com,pymnts.com,5,2
44,2023-10-23 14:09:18+05:30,"Chinese authorities are again shaking the confidence of foreign companies in the country with a series of arrests across industries and an investigation into Foxconn Technology Group, Apple Inc.s mos… ",https://www.livemint.com/lm-img/img/2023/10/23/1600x900/foxconn2-kIkC-621x414LiveMint_1698050197402_1698050197491.JPG,https://www.livemint.com/companies/news/china-rattles-foreign-firms-again-with-arrests-foxconn-probe-11698047098907.html,"China rattles foreign firms again with arrests, Foxconn probe",Bloomberg,Bloomberg,11,1
45,2023-10-23 14:05:58+05:30,"By Daniel Leussink
TOKYO (Reuters) - Tokyo''s auto show is back for the first time in four years and newly rebranded for the electric vehicle era, in a marketing overhaul that may be more reflective … ",https://i-invdn-com.investing.com/news/LYNXMPEB280W7_L.jpg,https://www.investing.com/news/stock-market-news/japan-auto-show-returns-as-industry-faces-ev-turning-point-3205315,"Japan auto show returns, as industry faces EV turning point",Reuters,Reuters,8,1
88,2023-10-23 04:58:09+05:30,"It is not a secret that Elon Musk hates left-media, as he frequently criticises the left-liberal media houses. He also has equal disdain for Wikipedia, given the fact that the online encyclopaedia ha… ",https://c.biztoc.com/p/3283357cb5026942/og.webp,https://biztoc.com/x/3283357cb5026942,"Elon Musk offers to give one billion dollar to Wikipedia, with a condition",opindia.com,opindia.com,5,5
98,2023-10-23 00:58:06+05:30,"Tesla digs its own grave with the Cybertruck, Convoy collapses and Rivian scores a win at RebelleWelcome back to The Station, your central hub for all past, present and future means of moving people … ",https://c.biztoc.com/p/83deae00affe5a08/s.webp,https://biztoc.com/x/83deae00affe5a08,"Tesla ‘digs its own grave with the Cybertruck,’ Convoy collapses and Rivian scores a win at Rebelle",techcrunch.com,techcrunch.com,10,1
47,2023-10-23 13:50:25+05:30,"* Tokyo show opens on Thursday for first time since 2019
* Toyota beginning strategic pivot to battery EVs
* BYD to be first Chinese automaker to exhibit at show
* Japan domestic auto market shrin… ",https://www.marketscreener.com/images/twitter_MS_fdnoir.png,https://www.marketscreener.com/quote/stock/TOYOTA-INDUSTRIES-CORPORA-6493686/news/Japan-auto-show-returns-as-industry-faces-EV-turning-point-45122755/,"Japan auto show returns, as industry faces EV turning point",Aayega to modi hi,Modi Ji,11,1
48,2023-10-23 13:43:00+05:30,"Dublin, Oct. 23, 2023 (GLOBE NEWSWIRE) -- The '"Swappable Electric Vehicle Battery Market Size, Market Share, Application Analysis, Regional Outlook, Growth Trends, Key Players, Competitive Strategies… ",https://ml.globenewswire.com/Resource/Download/908fb457-7f8e-4a08-9081-5565e3dfb3d7,https://www.globenewswire.com/news-release/2023/10/23/2764439/28124/en/Global-Swappable-Electric-Vehicle-Battery-Market-Report-2023-Size-Market-Share-Application-Analysis-Regional-Outlook-Growth-Trends-Key-Players-Competitive-Strategies-and-Forecasts-.html,"Global Swappable Electric Vehicle Battery Market Report 2023: Size, Market Share, Application Analysis, Regional Outlook, Growth Trends, Key Players, Competitive Strategies and Forecasts 2021-2031",Research and Markets,Research and Markets,4,3
49,2023-10-23 13:34:09+05:30,"Financial discourse is in flux, driven in part by social media algorithms serving online content produced by digital personalities so-called finfluencers who are overshadowing traditional financial i… ",https://c.biztoc.com/p/490d2e2e2920f2ba/s.webp,https://biztoc.com/x/490d2e2e2920f2ba,"The New Challenges Facing Finance: Algorithms, Finfluencers and the Quest for Reliability",pymnts.com,pymnts.com,4,1
51,2023-10-23 13:31:25+05:30,"Financial discourse is in flux, driven in part by social media algorithms serving online content produced by digital personalities so-called finfluencers who are overshadowing traditional financial i… ",https://content.pymnts.com/wp-content/uploads/2023/10/social-media-finfluencer-finance-banking-1000x600.jpg,https://www.pymnts.com/tracker_posts/the-new-challenges-facing-finance-algorithms-finfluencers-and-the-quest-for-reliability/,"The New Challenges Facing Finance: Algorithms, Finfluencers and the Quest for Reliability",Ashley McLeod,Ashley McLeod,1,1
52,2023-10-23 13:30:00+05:30,"Teslas double-digit plunge helped lead the CE 100 Index down yet again, slipping 2.1% in a week that saw all pillars, save one, retreat.
The Communications pillar was the sole gainer, adding 2.2%.
… ",https://content.pymnts.com/wp-content/uploads/2023/10/CE100-Index-1023-1000x600.jpg,https://www.pymnts.com/connectedeconomy/2023/ce-100-index-loses-2-1-as-tesla-shares-slump-on-earnings/,CE 100 Index Loses 2.1% as Tesla Shares Slump on Earnings,PYMNTS,PYMNTS,1,4
54,2023-10-23 12:53:34+05:30,"Sign up for daily news updates from CleanTechnica on email. Or follow us on Google News!
There’s no doubt about it, the most cleantech headlines of the past week were centered around Tesla’s Q3 2023… ",http://cleantechnica.com/files/2023/10/Why-Tesla-stock-is-down-this-week.png,https://cleantechnica.com/2023/10/23/9-big-cool-cleantech-stories-of-the-week/,9 Big & Cool Cleantech Stories of the Week,Zachary Shahan,Zachary Shahan,1,5
55,2023-10-23 12:46:09+05:30,"(Reuters) -Escalating tension in the Middle East and surging U.S. bond yields set financial markets up for more turbulence, exacerbated by high oil prices and China''s property pain. 
The European Ce… ",https://i-invdn-com.investing.com/news/SP500StandardandPoors500Index_800x533_L_1657544297.jpg,https://www.investing.com/news/economy/take-five-another-curve-ball-for-markets-3205228,Take Five: Another curve ball for markets,Reuters,Reuters,10,4
56,2023-10-23 12:45:42+05:30,"By Nick Carey, Akash Sriram and Ernest Scheyder
(Reuters) -China''s move on Friday to curb exports of graphite, a key electric vehicle battery material, will only accelerate efforts to develop altern… ",https://i-invdn-com.investing.com/news/moved_LYNXMPEHA919L_L.jpg,https://www.investing.com/news/economy/analysischinas-graphite-curbs-will-accelerate-plans-around-alternatives-3204630,China's graphite curbs will accelerate plans around alternatives,Reuters,Reuters,3,5
59,2023-10-23 12:38:13+05:30,"Hosted by Brian Sullivan, Last Call is a fast-paced, entertaining business show that explores the intersection of money, culture ...
#briansullivan
This story appeared on youtube.com, .",https://c.biztoc.com/p/fa6928d3cc46fd7f/s.webp,https://biztoc.com/x/fa6928d3cc46fd7f,"I don''t understand Elon Musk''s reluctance to invest in Tesla advertising, says Ross Gerber",youtube.com,youtube.com,9,1
62,2023-10-23 11:41:18+05:30,"LONDON/DETROIT, Oct 23 (Reuters) - A race is on to certify battery health and performance in used electric vehicles, with a clutch of startups scrambling to help buyers figure out how much a secondha… ",https://www.reuters.com/resizer/NxPEXsSK9CuFRkl8PFJZZ_XN7KA=/1200x628/smart/filters:quality(80)/cloudfront-us-east-2.images.arcpublishing.com/reuters/2KGVNJSTZBPARLFUSVCX6FOMHY.jpg,https://www.reuters.com/business/autos-transportation/battery-test-race-work-out-what-used-evs-are-really-worth-2023-10-23/,Focus: The battery test race to work out what used EVs are really worth,Nick Carey,Nick Carey,6,5
63,2023-10-23 11:40:35+05:30,"By Nick Carey and Paul Lienert
LONDON/DETROIT (Reuters) - A race is on to certify battery health and performance in used electric vehicles, with a clutch of startups scrambling to help buyers figure… ",https://i-invdn-com.investing.com/news/LYNXNPEC180BO_L.jpg,https://www.investing.com/news/stock-market-news/the-battery-test-race-to-work-out-what-used-evs-are-really-worth-3205155,The battery test race to work out what used EVs are really worth,Reuters,Reuters,7,1
64,2023-10-23 11:40:05+05:30,"Tesla vehicles are shown near one of the companys retail stores in San Diego, California, U.S.,October 20, 2023. REUTERS/Mike Blake/File Photo Acquire Licensing RightsLONDON/DETROIT, Oct 23 (Reuters)… ",https://c.biztoc.com/p/8ec5d5ffef2693fe/s.webp,https://biztoc.com/x/8ec5d5ffef2693fe,The battery test race to work out what used EVs are really worth,reuters.com,reuters.com,5,4
65,2023-10-23 11:36:20+05:30,"With all that goes on with Elon Musk, its easy to forget its Tesla that finances the Musk machine: His purchase of what was Twitter (now renamed by Musk as X) that enhances the reach of his opinions;… ",https://c.biztoc.com/p/8065abc29138b4c3/og.webp,https://biztoc.com/x/8065abc29138b4c3,Why Elon Musk’s Finances May Crash Tesla's Stock,nypost.com,nypost.com,1,5
66,2023-10-23 11:35:35+05:30,"LONDON/DETROIT : A race is on to certify battery health and performance in used electric vehicles, with a clutch of startups scrambling to help buyers figure out how much a secondhand EV is really wo… ","https://onecms-res.cloudinary.com/image/upload/s--7d2MKnGT--/fl_relative,g_south_east,l_one-cms:core:watermark:reuters,w_0.1/f_auto,q_auto/c_fill,g_auto,h_676,w_1200/v1/one-cms/core/2023-10-23t060535z_1_lynxmpej9m048_rtroptp_3_totw-ev-technology.jpg?itok=PFqSSSPh",https://www.channelnewsasia.com/business/battery-test-race-work-out-what-used-evs-are-really-worth-3865811,The battery test race to work out what used EVs are really worth,Aayega to modi hi,Modi Ji,11,3
69,2023-10-23 11:13:54+05:30,"In a surprising revelation, it has come to light that Jeff Bezos, the founder of Amazon, once dabbled in product reviewing on his own e-commerce platform. Between 2000 and 2006, the tech mogul took o… ","https://img.etimg.com/thumb/msid-104641553,width-1200,height-630,imgsize-22432,overlay-economictimes/photo.jpg",https://economictimes.indiatimes.com/news/new-updates/jeff-bezos-old-milk-review-on-amazon-goes-viral-check-elon-musks-hilarious-reaction/articleshow/104641507.cms,Jeff Bezos' old milk review on Amazon goes viral; Check Elon Musk's hilarious reaction,ET Online,ET Online,5,5
71,2023-10-23 11:00:52+05:30,"Terry Gou, founder and former chairman of Foxconn and independent Taiwanese presidential candidate, speaks during a press conference in Taipei on September 14, 2023.
Sam Yeh/AFP via Getty Images
Ch… ","https://imageio.forbes.com/specials-images/imageserve/6535fe0a34375307504cf381/0x0.jpg?format=jpg&crop=1950,1096,x0,y194,safe&height=900&width=1600&fit=bounds",https://www.forbes.com/sites/shanshankao/2023/10/23/billionaire-terry-gous-foxconn-under-investigation-says-china-state-media/,"Billionaire Terry Gou’s Foxconn Under Investigation, Says China State Media","Shanshan Kao, Forbes Staff, 
 Shanshan Kao, Forbes Staff
 https://www.forbes.com/sites/shanshankao/","Shanshan Kao, Forbes Staff, 
 Shanshan Kao, Forbes Staff
 https://www.forbes.com/sites/shanshankao/",4,2
72,2023-10-23 10:31:45+05:30,"Discounts, more launches of small cars and unlikely alliances are all viable tactics for those car makers least strong on EVs as they look to comply with the government order that states almost one i… ",https://www.autocar.co.uk/sites/autocar.co.uk/files/images/car-reviews/first-drives/legacy/ford-v-toyota-news-2023-web.jpg,https://www.autocar.co.uk/car-news/business-electric-vehicles/how-car-makers-hit-zev-mandate,How electric laggards can hit 22% EV mandate in 2024,Nick Gibbs,Nick Gibbs,3,1
76,2023-10-23 08:36:45+05:30,"Chinese authorities are again shaking the confidence of foreign companies in the country with a series of arrests and an investigation into Foxconn Technology Group, Apple Inc.s most important partne… ","https://img.etimg.com/thumb/msid-104638425,width-1200,height-630,imgsize-26478,overlay-economictimes/photo.jpg",https://economictimes.indiatimes.com/news/international/business/china-rattles-foreign-firms-again-with-arrests-foxconn-probe/articleshow/104638437.cms,"China rattles foreign firms again with arrests, Foxconn probe",Bloomberg,Bloomberg,10,1
77,2023-10-23 08:30:24+05:30,"Sign up for daily news updates from CleanTechnica on email. Or follow us on Google News!
The Equitable and Affordable Solutions to Electrification Prize Announces 6 Finalist Teams
Buildings account… ",http://cleantechnica.com/files/2019/07/san-franciso-houses-residential-homes-hills-downtown-buildings-legoland-streets-cars-KYLE-1-e1620484803839.jpg,https://cleantechnica.com/2023/10/22/prize-finalists-make-home-electrification-solutions-look-eas-e/,Prize Finalists Make Home Electrification Solutions Look EAS-E,U.S. Department of Energy,U.S. Department of Energy,11,5
99,2023-10-23 00:32:17+05:30,"Last week was a wild ride, to say the least. Tesla (TSLA) reported earnings and the market did not like what it had to say, as it proceeded to sell off and close the week down over 15%.
This story a… ",https://c.biztoc.com/p/42aa44d58bb7f0f1/s.webp,https://biztoc.com/x/42aa44d58bb7f0f1,"Earnings, Geopolitics and Other Key Items to Watch This Week",barchart.com,barchart.com,2,1
78,2023-10-23 07:30:00+05:30,"NEW YORK As his last musical Hear We Are confirms, Stephen Sondheim died happy, at the top of his lyrical and compositional game and clearly in love.
To love is to live was a Sondheim creed. So the … ",https://www.chicagotribune.com/resizer/IkZ8EI3xhYYasJ6d-9bQEqsCr1M=/1200x630/filters:format(jpg):quality(70)/cloudfront-us-east-1.images.arcpublishing.com/tronc/KGR4ILUBJRDWPIPXZVEY74LEU4.jpg,https://www.chicagotribune.com/entertainment/theater/broadway/ct-ent-here-we-are-sondheim-last-musical-review-20231023-xhp3n6eoq5cjrjyn773rbcehjq-story.html,"Review: ‘Here We Are’ opens off-Broadway, Sondheim’s final, life-loving musical",Chris Jones,Chris Jones,6,2
79,2023-10-23 07:06:56+05:30,"Reducing energy consumption is an important part of fighting climate changeand a great way to cut expenses. Governments, corporations, and homeowners are looking to technology to reduce the demand fo… ","https://s7d1.scene7.com/is/image/CENODS/10135-cover-roof?$responsive$&wid=700&qlt=90,0&resMode=sharp2",https://cen.acs.org/business/specialty-chemicals/cool-coatings-combat-climate-change/101/i35,Can cool coatings combat climate change?,C&en,C&en,4,3
80,2023-10-23 06:42:14+05:30,"Ive read recently that Musk wanted Buffett to invest in Tesla after Buffett showed Musk great admiration. I agree that Musk is admirable because Musk did find PayPal, Tesla, SpaceX and so on.However,… ",https://c.biztoc.com/p/919ec9530904aa03/s.webp,https://biztoc.com/x/919ec9530904aa03,Why Doesn’t Buffet Invest in Tesla (NASDAQ: TSLA) ?,medium.datadriveninvestor.com,medium.datadriveninvestor.com,3,5
81,2023-10-23 06:06:05+05:30,"None Financial analyst Kevin Paffrath criticized Elon Musk''s comments on Tesla''s recent earnings call.None He said Musk blamed the EV maker''s struggles on economic factors instead of '"coming up with … ",https://c.biztoc.com/p/d47c827c9f02d98f/s.webp,https://biztoc.com/x/d47c827c9f02d98f,"Elon Musk acted like a ''little baby'' and was ''almost in tears'' on Tesla''s ''terrible'' earnings call, analyst says",finance.yahoo.com,finance.yahoo.com,10,1
83,2023-10-23 05:54:08+05:30,"Tesla digs its own grave with the Cybertruck, Convoy collapses and Rivian scores a win at RebelleWelcome back to The Station, your central hub for all past, present and future means of moving people … ",https://c.biztoc.com/p/0ac519f658144fab/og.webp,https://biztoc.com/x/0ac519f658144fab,"Tesla ‘digs its own grave with the Cybertruck,’ Convoy collapses and Rivian scores a win at Rebelle",techcrunch.com,techcrunch.com,8,3
84,2023-10-23 05:41:51+05:30,"Here are the latest news items and commentary on current economics news, market trends, stocks, investing opportunities, and the precious metals markets. In this column, JWR also covers hedges, deriv… ",https://survivalblog.com/wp-content/uploads/2020/09/Silverware_2.jpg,https://survivalblog.com/2023/10/23/economics-investing-preppers-732/,Economics & Investing For Preppers,James Wesley Rawles,James Wesley Rawles,1,4
85,2023-10-23 05:24:05+05:30,"This report is from today''s CNBC Daily Open, our new, international markets newsletter. CNBC Daily Open brings investors up to speed on everything they need to know, no matter where they are. Like wh… ",https://c.biztoc.com/p/737a021634c6e2f8/s.webp,https://biztoc.com/x/737a021634c6e2f8,Daily Open: Investors can’t shake off the feeling of uncertainty,cnbc.com,cnbc.com,11,4
86,2023-10-23 05:12:10+05:30,"Amazon Founder Jeff Bezos , known for his past stint as a product reviewer on the e-commerce platform from 2000 to 2006, recently sparked internet buzz with an old review dating back to 2006.The revi… ",https://c.biztoc.com/p/fd9d9bd73cc7f257/og.webp,https://biztoc.com/x/fd9d9bd73cc7f257,Elon Musk reacts to Bezos' old product review trending on social media,timesofindia.indiatimes.com,timesofindia.indiatimes.com,1,2
87,2023-10-23 05:09:49+05:30,"This report is from today''s CNBC Daily Open, our new, international markets newsletter. CNBC Daily Open brings investors up to speed on everything they need to know, no matter where they are. Like wh… ",https://image.cnbcfm.com/api/v1/image/107308670-1695930955313-gettyimages-1478432952-118.jpeg?v=1698017989&w=1920&h=1080,https://www.cnbc.com/2023/10/23/stock-markets-investors-cant-shake-off-the-feeling-of-uncertainty.html,CNBC Daily Open: Investors can’t shake off the feeling of uncertainty,Aayega to modi hi,Modi Ji,8,5
93,2023-10-23 02:58:15+05:30,"Tesla has begun delivering its refreshed Model 3 “Highland” in Germany, as shown in a new set of pictures. The updated version of Tesla’s Model 3, dubbed “Project Highland,” has been spotted roaming … ",https://www.gizchina.com/wp-content/uploads/images/2023/10/Tesla-d-1.jpg,https://www.gizchina.com/2023/10/22/tesla-model-3-highland-germany/,Tesla Model 3 Highland delivered to Germany for the first time,Efe Udin,Efe Udin,8,4
94,2023-10-23 02:24:10+05:30,"Tesla stock had a dreadful week after posting disappointing earnings. RBCs Tom Narayan thinks investors are missing something important that will generate billions in value down the road.
#tesla#rbc… ",https://c.biztoc.com/p/cc43948b97a9e001/og.webp,https://biztoc.com/x/cc43948b97a9e001,"Tesla Can Do This to Create Billions in Value, One Analyst Says - Barrons",barrons.com,barrons.com,4,1
95,2023-10-23 02:20:09+05:30,"Teslas long-delayed Cybertruck, its blocky version of a pickup truck, will finally be available in November though CEO Elon Musk cautioned investors to keep their sales expectations in check because … ",https://c.biztoc.com/p/13f2f1f7ff635ca3/s.webp,https://biztoc.com/x/13f2f1f7ff635ca3,Musk warns of 'enormous challenges' for Tesla Cybertruck production and pricing,forbes.com.au,forbes.com.au,8,1
96,2023-10-23 01:56:51+05:30,"Elon Musk says he will give Wikipedia a cheeky $1 billion on one condition. 
The free online encyclopaedia is always looking for donations from people around the world. 
A dedicated team of volunte… ",https://images.ladbible.com/resize?type=jpeg&quality=70&width=1200&fit=contain&gravity=auto&url=https://images.ladbiblegroup.com/v3/assets/blt949ea8e16e463049/blteb891a21236d2a55/653583ab960b9efe6e629eef/elon-musk-wikipedia.png,https://www.unilad.com/news/elon-musk-says-he-will-give-wikipedia-1-billion-on-one-condition-561941-20231022,Elon Musk says he will give $1 billion to Wikipedia if they change their name to D*ckipedia,Stewart Perrie,Stewart Perrie,7,2
97,2023-10-23 01:40:06+05:30,"Welcome back to The Station, your central hub for all past, present and future means of moving people and packages from Point A to Point B.Your usual host Kirsten was shredding off-road at the Rebell… ",https://c.biztoc.com/p/9d937bd37938e49e/s.webp,https://biztoc.com/x/9d937bd37938e49e,"Tesla ''digs its own grave with the Cybertruck,'' Convoy collapses and Rivian scores a win at Rebelle",finance.yahoo.com,finance.yahoo.com,10,1
100,2023-10-23 00:32:08+05:30,Investing.com -- Here is your weekly Pro Recap on the biggest headlines out of tech this past week: Netflix triumphs; Nvidia hit by new China restrictions; Tesla disappoints; Apple seeing iPhone trou… ,https://c.biztoc.com/p/00f7fe2ce1b42023/s.webp,https://biztoc.com/x/00f7fe2ce1b42023,"A grim week for Nvidia and Tesla, but Netflix triumphs: Weekly tech roundup By",investing.com,investing.com,11,5
102,2023-10-22 23:33:27+05:30,"The government will bid out over 2 lakh crore worth of road projects on the build-operate-transfer (BOT) model by March 2024, giving a renewed push to the public-private partnership in road construct… ","https://img.etimg.com/thumb/msid-104633157,width-1200,height-630,imgsize-112130,overlay-economictimes/photo.jpg",https://economictimes.indiatimes.com/news/economy/infrastructure/govt-eyes-shift-to-bot-as-private-cos-show-interest-in-roads-sector/articleshow/104633084.cms,Govt eyes shift to BOT as private cos show interest in roads sector,Yogima Seth Sharma and Deepshikha Sikarwar,Yogima Seth Sharma and Deepshikha Sikarwar,10,1
105,2023-10-22 22:01:21+05:30,California Governor Gavin Newsom plans to visit Tesla's Shanghai factory during his upcoming China ... ,https://imageio.forbes.com/specials-images/imageserve/625dbc4cbcf1b6aa4a04133d/0x0.jpg?format=jpg&height=900&width=1600&fit=bounds,https://www.forbes.com/sites/russellflannery/2023/10/22/california-governor-gavin-newsom-to-start-week-long-china-visit-on-monday/,California Governor Gavin Newsom To Start Week-Long China Visit On Monday,"Russell Flannery, Forbes Staff, 
 Russell Flannery, Forbes Staff
 https://www.forbes.com/sites/russellflannery/","Russell Flannery, Forbes Staff, 
 Russell Flannery, Forbes Staff
 https://www.forbes.com/sites/russellflannery/",1,5
106,2023-10-22 21:43:26+05:30,"Elon Musk is CEO of Tesla. Its shares fell 15% in the past week.Getty Images
<ul><li>Financial analyst Kevin Paffrath criticized Elon Musk''s comments on Tesla''s recent earnings call.</li><li>He said… ",https://i.insider.com/64dc95814ef9f30019f7d5d1?width=1200&format=jpeg,https://www.businessinsider.com/elon-musk-acted-little-baby-tesla-terrible-call-kevin-paffrath-2023-10,"Elon Musk acted like a ''little baby'' and was ''almost in tears'' on Tesla''s ''terrible'' earnings call, analyst says",Lakshmi Varanasi,Lakshmi Varanasi,6,3
107,2023-10-22 21:27:50+05:30,"They call themselves the '"Dahn lab'" graduates, and they''re powering an unlikely, Halifax-based research hub for batteries designed to replace fossil fuels.
At the tightly wired network''s heart is Je… ",https://i.cbc.ca/1.7004503.1697988380!/fileImage/httpImage/image.JPG_gen/derivatives/16x9_620/ns-battery-brains-20231022.JPG,https://www.cbc.ca/news/canada/nova-scotia/halifax-professor-battery-entrepreneurs-1.7004495,How an award-winning Halifax professor nurtured a network of battery entrepreneurs,Aayega to modi hi,Modi Ji,10,1
108,2023-10-23 17:00:10+05:30,"The heavyweights in business continue to wax poetic on the economy and interest rates and, similar to what I wrote last week in these pages, it would be wise to listen to them.My esteemed colleague J… ",https://c.biztoc.com/p/7895f5d868ac2d2e/og.webp,https://biztoc.com/x/7895f5d868ac2d2e,"Why you should carefully consider what Jamie Dimon, Elon Musk and American Express just told the investing world",finance.yahoo.com,finance.yahoo.com,9,2
112,2023-10-23 16:37:38+05:30,"The electric vehicle (EV) industry, once considered the harbinger of a green revolution, is starting to show cracks in its façade, with Lucid Motors (NASDAQ: LCID) epitomizing this turbulent phase. … ",https://finbold.com/app/uploads/2023/10/Lucid-stock-price-prediction-2025.jpg,https://finbold.com/lucid-stock-price-prediction-2025/,Lucid stock price prediction 2025,Jordan Major,Jordan Major,10,2
116,2023-10-23 16:30:45+05:30,"DevOps.com is now providing a weekly DevOps jobs report through which opportunities for DevOps professionals will be highlighted to better serve our audience.
Our goal in these challenging economic … ",https://devops.com/wp-content/uploads/2020/11/acceleration.jpg,https://devops.com/?p=166156,Five Great DevOps Job Opportunities,Mike Vizard,Mike Vizard,10,1
119,2023-10-23 16:26:37+05:30,Theres not much that could dissuade markets from the view that the Federal Reserve will keep interest rates on hold on Nov. 1.Thats not for a lack of news in the week and a half between now and then.… ,https://images.barrons.com/im-735595/social,https://www.barrons.com/articles/what-to-know-today-d93c3973,Markets Are Confident the Fed’s Done on Rates. Why That’s Dangerous.,Aayega to modi hi,Modi Ji,9,1
120,2023-10-23 15:56:10+05:30,"The heavyweights in business continue to wax poetic on the economy and interest rates and, similar to what I wrote last week in these pages, it would be wise to listen to them.My esteemed colleague J… ",https://c.biztoc.com/p/fcf68f1234e59031/s.webp,https://biztoc.com/x/fcf68f1234e59031,"Why you should carefully consider what Jamie Dimon, Elon Musk and American Express just told the investing world",finance.yahoo.com,finance.yahoo.com,9,3
121,2023-10-23 15:52:27+05:30,"WAYNE, Mich. -- Throughout its 5-week-old strikes against Detroits automakers, the United Auto Workers union has cast an emphatically combative stance, reflecting the style of its pugnacious leader, … ",https://i.abcnewsfe.com/a/d03121a1-d7bb-4da3-b562-444f12074ccc/wirestory_0e3e71f44f075fda066f499bb2165b48_16x9.jpg?w=992,https://abcnews.go.com/US/wireStory/uaws-confrontational-leader-makes-gains-strike-talks-reached-104216847,"UAW''s confrontational leader makes gains in strike talks, but some wonder: Has he reached too far?",TOM KRISHER AP auto writer,TOM KRISHER AP auto writer,4,1
122,2023-10-23 15:50:13+05:30,"The heavyweights in business continue to wax poetic on the economy and interest rates and, similar to what I wrote last week in these pages, it would be wise to listen to them.My esteemed colleague J… ",https://c.biztoc.com/p/2c00ef118e4eb1b3/s.webp,https://biztoc.com/x/2c00ef118e4eb1b3,"Why you should carefully consider what Jamie Dimon, Elon Musk and American Express just told the investing world",aol.com,aol.com,11,1
124,2023-10-23 15:49:00+05:30,"What just happened? China has responded to increasing US sanctions on tech sales to the Asian nation by announcing export controls on some categories of graphite, a material used in electric vehicle … ",https://www.techspot.com/images2/news/bigimage/2023/10/2023-10-23-image.jpg,https://www.techspot.com/news/100580-china-introduces-export-restrictions-graphite-essential-material-ev.html,"China announces export restrictions on graphite, an essential material in EV battery production",Rob Thubron,Rob Thubron,11,3
125,2023-10-23 15:47:32+05:30,"More Tesla Supercharger locations are sprouting up in Malaysia, with the latest being sighted at the Freeport AFamosa Outlet in Melaka. Located on the parking grounds of the shopping mall, the site w… ",https://paultan.org/image/2023/10/Tesla_Supercharger_Melaka_Freeport_AFamosa_Outlet-3-1200x675.jpg,https://paultan.org/2023/10/23/tesla-supercharger-set-up-at-freeport-afamosa-outlet-in-melaka/,Tesla Supercharger set up at Freeport A’Famosa Outlet in Melaka – four V3 250 kW units; Tesla charging only,Gerard Lye,Gerard Lye,7,5
126,2023-10-23 15:44:06+05:30,"Throughout its 5-week-old strikes against Detroits automakers, the United Auto Workers union has cast an emphatically combative stance, reflecting the style of its pugnacious leader, Shawn Fain.Armed… ",https://c.biztoc.com/p/0b2143f91ba7d57b/s.webp,https://biztoc.com/x/0b2143f91ba7d57b,"UAW''s confrontational leader makes gains in strike talks, but some wonder: Has he reached too far?",apnews.com,apnews.com,6,5
127,2023-10-23 15:42:10+05:30,"LONDON/DETROIT (Reuters) - A race is on to certify battery health and performance in used electric vehicles, with a clutch of startups scrambling to help buyers figure out how much a secondhand EV is… ",https://c.biztoc.com/p/df6f6ff0d6691736/s.webp,https://biztoc.com/x/df6f6ff0d6691736,The battery test race to work out what used EVs are really worth,investing.com,investing.com,3,3
128,2023-10-23 15:37:00+05:30,"WAYNE, Mich. -- Throughout its 5-week-old strikes against Detroits automakers, the United Auto Workers union has cast an emphatically combative stance, reflecting the style of its pugnacious leader, … ",https://i.abcnewsfe.com/a/d03121a1-d7bb-4da3-b562-444f12074ccc/wirestory_0e3e71f44f075fda066f499bb2165b48_16x9.jpg?w=992,https://abcnews.go.com/Business/wireStory/uaws-confrontational-leader-makes-gains-strike-talks-reached-104216848,"UAW''s confrontational leader makes gains in strike talks, but some wonder: Has he reached too far?",TOM KRISHER AP auto writer,TOM KRISHER AP auto writer,5,3
129,2023-10-23 15:34:12+05:30,The Cybertruck pre-release buzz was in high gear until Elon Musk spoke on Wednesday.The buzz-kill came when Musk made a series of grim statements during the third-quarter earnings conference call abo… ,https://c.biztoc.com/p/22a0a90e1b1f6cae/og.webp,https://biztoc.com/x/22a0a90e1b1f6cae,"As Tesla Puts Brakes On Cybertruck, Rivian Speeds Ahead",forbes.com,forbes.com,5,2
131,2023-10-23 15:30:00+05:30,"Generative AI (genAI) will soon infiltrate every aspect of our personal and business lives, meaning humanity will need to reevaluate it relationship with machines machines that are continuing to beco… ","https://images.idgesg.net/images/article/2023/10/shutterstock_1497321806-100947461-large.jpg?auto=webp&quality=85,70",https://www.computerworld.com/article/3709249/qa-the-human-machine-relationship-requires-mutual-understanding-respect-for-ai.html,"Q&A: The human-machine relationship requires mutual understanding, respect for AI",Lucas Mearian,Lucas Mearian,1,3
132,2023-10-23 15:30:00+05:30,"Generative AI (genAI) will soon infiltrate every aspect of our personal and business lives, meaning humanity will need to reevaluate it relationship with machines machines that are continuing to beco… ","https://images.idgesg.net/images/article/2023/10/shutterstock_1497321806-100947461-large.jpg?auto=webp&quality=85,70",https://www.computerworld.com/article/3709249/qa-the-human-machine-relationship-requires-mutual-understanding-respect-for-ai.html,"Q&A: The human-machine relationship requires mutual understanding, respect for AI",Lucas Mearian,Lucas Mearian,8,3
134,2023-10-23 15:00:05+05:30,"<ul><li>Last month, MicroStrategy added 5,445 BTC for $147.3 million.</li><li>If the SEC approving spot BTC ETFs could trigger another rally, it could lead to another profitable turn for the firm.</l… ",https://statics.ambcrypto.com/wp-content/uploads/2023/10/capture-11-1000x600.webp,https://ambcrypto.com/?p=352935,"MicroStrategy’s Bitcoin holdings pay off, thanks to bull run",Suzuki Shillsalot,Suzuki Shillsalot,7,1
135,2023-10-23 14:54:07+05:30,"None Tesla CEO Elon Musk pulled up to the F1 race in Austin, Texas on Sunday in his company''s new Cybertruck.None His surprise visit drew a crowd of onlookers, with some X users calling the move '"fre… ",https://c.biztoc.com/p/bb72c08d4a878b80/s.webp,https://biztoc.com/x/bb72c08d4a878b80,Elon Musk just served a lesson in free advertisement for the Tesla Cybertruck,aol.com,aol.com,1,1
136,2023-10-23 14:52:29+05:30,"Tesla CEO Elon Musk.Chesnot via Getty Images
<ul>
<li>Tesla''s stock had its worst five-day stretch of 2023 last week.</li>
<li>Shares plunged 16% as the EV maker missed its quarterly targets and CEO… ",https://i.insider.com/6536394b0487ff031cab7b77?width=1200&format=jpeg,https://markets.businessinsider.com/news/stocks/elon-musk-tesla-stock-price-market-outlook-cybertruck-earnings-call-2023-10,"Tesla''s stock just had its worst week of 2023, plunging 16% on Elon Musk''s earnings-call nightmare",George Glover,George Glover,1,3
138,2023-10-23 14:40:10+05:30,"Cryptocurrency markets have experienced a rather dull year so far. Investors are facing one of the longest winters, losing interest in one of the most exciting technologies of the past decade. This i… ",https://c.biztoc.com/p/2a3ab1b90f1823bd/s.webp,https://biztoc.com/x/2a3ab1b90f1823bd,Crypto Resurgence: High-Growth Projects to Look Out for in 2024,cryptodaily.co.uk,cryptodaily.co.uk,3,2
139,2023-10-23 14:30:00+05:30,"The Week That Was: 2023-10-21 (October 21, 2023)Brought to You by SEPP (www.SEPP.org)The Science and Environmental Policy Project
Quote of the Week: 
It is a pleasure to stand upon the shore, and t… ",https://wattsupwiththat.com/wp-content/uploads/2020/12/wuwt-logo.jpg,https://wattsupwiththat.com/2023/10/23/weekly-climate-and-energy-news-roundup-573/,Weekly Climate and Energy News Roundup #573,Guest Blogger,Guest Blogger,11,4
140,2023-10-23 14:29:29+05:30,"Table of Contents
Cryptocurrency markets have experienced a rather dull year so far. Investors are facing one of the longest winters, losing interest in one of the most exciting technologies of the … ",https://cryptodaily.blob.core.windows.net/space/CryptoDaily-Secondary-Imagedfghgfdsdfghgfdewedfghnm.jpg,https://cryptodaily.co.uk/2023/10/crypto-resurgence-high-growth-projects-to-look-out-for-in-2024,Crypto Resurgence: High-Growth Projects to Look Out for in 2024,CryptoDaily,CryptoDaily,1,5
142,2023-10-23 14:14:05+05:30,"Toyota Motor Corporation''s cars are seen at a briefing on the company''s strategies on battery EVs in Tokyo, Japan December 14, 2021. REUTERS/Kim Kyung-Hoon/File photo Acquire Licensing RightsTOKYO, O… ",https://c.biztoc.com/p/2f49d5419bdc0163/s.webp,https://biztoc.com/x/2f49d5419bdc0163,"Japan auto show returns, as industry faces EV turning point",reuters.com,reuters.com,4,5
143,2023-10-23 14:09:34+05:30,"Tesla CEO Elon Musk introducing the Cybertruck in November 2019.Frederic J. Brown/AFP via Getty Images
<ul>
<li>Tesla CEO Elon Musk pulled up to the F1 race in Austin, Texas on Sunday in his company… ",https://i.insider.com/653622a696908fd7cdb4e39c?width=1200&format=jpeg,https://www.businessinsider.com/elon-musk-tesla-cybertruck-free-advertising-f1-race-austin-texas-2023-10,Elon Musk just served a lesson in free advertisement for the Tesla Cybertruck,Kai Xiang Teo,Kai Xiang Teo,2,3
144,2023-10-23 14:09:18+05:30,"Chinese authorities are again shaking the confidence of foreign companies in the country with a series of arrests across industries and an investigation into Foxconn Technology Group, Apple Inc.s mos… ",https://www.livemint.com/lm-img/img/2023/10/23/1600x900/foxconn2-kIkC-621x414LiveMint_1698050197402_1698050197491.JPG,https://www.livemint.com/companies/news/china-rattles-foreign-firms-again-with-arrests-foxconn-probe-11698047098907.html,"China rattles foreign firms again with arrests, Foxconn probe",Bloomberg,Bloomberg,11,5
145,2023-10-23 14:05:58+05:30,"By Daniel Leussink
TOKYO (Reuters) - Tokyo''s auto show is back for the first time in four years and newly rebranded for the electric vehicle era, in a marketing overhaul that may be more reflective … ",https://i-invdn-com.investing.com/news/LYNXMPEB280W7_L.jpg,https://www.investing.com/news/stock-market-news/japan-auto-show-returns-as-industry-faces-ev-turning-point-3205315,"Japan auto show returns, as industry faces EV turning point",Reuters,Reuters,3,2
146,2023-10-23 13:55:01+05:30,"TOKYO : Tokyo''s auto show is back for the first time in four years and newly rebranded for the electric vehicle era, in a marketing overhaul that may be more reflective of industry aspirations than J… ","https://onecms-res.cloudinary.com/image/upload/s--Kizh94DN--/fl_relative,g_south_east,l_one-cms:core:watermark:reuters,w_0.1/f_auto,q_auto/c_fill,g_auto,h_676,w_1200/v1/one-cms/core/2023-10-23t083152z_2_lynxmpej9m06x_rtroptp_3_toyota-electric.jpg?itok=JYoBfdnn",https://www.channelnewsasia.com/business/japan-auto-show-returns-industry-faces-ev-turning-point-3866016,"Japan auto show returns, as industry faces EV turning point",Aayega to modi hi,Modi Ji,9,2
161,2023-10-23 11:42:07+05:30,"This report is from today''s CNBC Daily Open, our new, international markets newsletter. CNBC Daily Open brings investors up to speed on everything they need to know, no matter where they are. Like wh… ",https://c.biztoc.com/p/7301031c97fd24e7/s.webp,https://biztoc.com/x/7301031c97fd24e7,Daily Open: Feeling of uncertainty is hard to shrug off for investors,cnbc.com,cnbc.com,5,1
149,2023-10-23 13:34:09+05:30,"Financial discourse is in flux, driven in part by social media algorithms serving online content produced by digital personalities so-called finfluencers who are overshadowing traditional financial i… ",https://c.biztoc.com/p/490d2e2e2920f2ba/s.webp,https://biztoc.com/x/490d2e2e2920f2ba,"The New Challenges Facing Finance: Algorithms, Finfluencers and the Quest for Reliability",pymnts.com,pymnts.com,8,4
151,2023-10-23 13:31:25+05:30,"Financial discourse is in flux, driven in part by social media algorithms serving online content produced by digital personalities so-called finfluencers who are overshadowing traditional financial i… ",https://content.pymnts.com/wp-content/uploads/2023/10/social-media-finfluencer-finance-banking-1000x600.jpg,https://www.pymnts.com/tracker_posts/the-new-challenges-facing-finance-algorithms-finfluencers-and-the-quest-for-reliability/,"The New Challenges Facing Finance: Algorithms, Finfluencers and the Quest for Reliability",Ashley McLeod,Ashley McLeod,11,1
152,2023-10-23 13:30:00+05:30,"Teslas double-digit plunge helped lead the CE 100 Index down yet again, slipping 2.1% in a week that saw all pillars, save one, retreat.
The Communications pillar was the sole gainer, adding 2.2%.
… ",https://content.pymnts.com/wp-content/uploads/2023/10/CE100-Index-1023-1000x600.jpg,https://www.pymnts.com/connectedeconomy/2023/ce-100-index-loses-2-1-as-tesla-shares-slump-on-earnings/,CE 100 Index Loses 2.1% as Tesla Shares Slump on Earnings,PYMNTS,PYMNTS,6,1
153,2023-10-23 13:08:05+05:30,"ROUNDUP 2: Raw material hedges ruin Volkswagen''s profit target
 WOLFSBURG - The VW Group has increased sales and operating profit in the third quarter. But it is becoming more cautious about operati… ",https://www.marketscreener.com/images/twitter_MS_fdblanc.png,https://www.marketscreener.com/quote/stock/PORSCHE-AUTOMOBIL-HOLDING-3938612/news/Dpa-AFX-Overview-COMPANY-The-most-important-news-from-the-weekend-45122403/,Dpa-AFX Overview: COMPANY - The most important news from the weekend,Aayega to modi hi,Modi Ji,9,1
154,2023-10-23 12:53:34+05:30,"Sign up for daily news updates from CleanTechnica on email. Or follow us on Google News!
There’s no doubt about it, the most cleantech headlines of the past week were centered around Tesla’s Q3 2023… ",http://cleantechnica.com/files/2023/10/Why-Tesla-stock-is-down-this-week.png,https://cleantechnica.com/2023/10/23/9-big-cool-cleantech-stories-of-the-week/,9 Big & Cool Cleantech Stories of the Week,Zachary Shahan,Zachary Shahan,7,1
155,2023-10-23 12:46:09+05:30,"(Reuters) -Escalating tension in the Middle East and surging U.S. bond yields set financial markets up for more turbulence, exacerbated by high oil prices and China''s property pain. 
The European Ce… ",https://i-invdn-com.investing.com/news/SP500StandardandPoors500Index_800x533_L_1657544297.jpg,https://www.investing.com/news/economy/take-five-another-curve-ball-for-markets-3205228,Take Five: Another curve ball for markets,Reuters,Reuters,5,1
159,2023-10-23 12:38:13+05:30,"Hosted by Brian Sullivan, Last Call is a fast-paced, entertaining business show that explores the intersection of money, culture ...
#briansullivan
This story appeared on youtube.com, .",https://c.biztoc.com/p/fa6928d3cc46fd7f/s.webp,https://biztoc.com/x/fa6928d3cc46fd7f,"I don''t understand Elon Musk''s reluctance to invest in Tesla advertising, says Ross Gerber",youtube.com,youtube.com,9,3
163,2023-10-23 11:40:35+05:30,"By Nick Carey and Paul Lienert
LONDON/DETROIT (Reuters) - A race is on to certify battery health and performance in used electric vehicles, with a clutch of startups scrambling to help buyers figure… ",https://i-invdn-com.investing.com/news/LYNXNPEC180BO_L.jpg,https://www.investing.com/news/stock-market-news/the-battery-test-race-to-work-out-what-used-evs-are-really-worth-3205155,The battery test race to work out what used EVs are really worth,Reuters,Reuters,3,3
164,2023-10-23 11:40:05+05:30,"Tesla vehicles are shown near one of the companys retail stores in San Diego, California, U.S.,October 20, 2023. REUTERS/Mike Blake/File Photo Acquire Licensing RightsLONDON/DETROIT, Oct 23 (Reuters)… ",https://c.biztoc.com/p/8ec5d5ffef2693fe/s.webp,https://biztoc.com/x/8ec5d5ffef2693fe,The battery test race to work out what used EVs are really worth,reuters.com,reuters.com,1,5
165,2023-10-23 11:36:20+05:30,"With all that goes on with Elon Musk, its easy to forget its Tesla that finances the Musk machine: His purchase of what was Twitter (now renamed by Musk as X) that enhances the reach of his opinions;… ",https://c.biztoc.com/p/8065abc29138b4c3/og.webp,https://biztoc.com/x/8065abc29138b4c3,Why Elon Musk’s Finances May Crash Tesla's Stock,nypost.com,nypost.com,6,1
166,2023-10-23 11:35:35+05:30,"LONDON/DETROIT : A race is on to certify battery health and performance in used electric vehicles, with a clutch of startups scrambling to help buyers figure out how much a secondhand EV is really wo… ","https://onecms-res.cloudinary.com/image/upload/s--7d2MKnGT--/fl_relative,g_south_east,l_one-cms:core:watermark:reuters,w_0.1/f_auto,q_auto/c_fill,g_auto,h_676,w_1200/v1/one-cms/core/2023-10-23t060535z_1_lynxmpej9m048_rtroptp_3_totw-ev-technology.jpg?itok=PFqSSSPh",https://www.channelnewsasia.com/business/battery-test-race-work-out-what-used-evs-are-really-worth-3865811,The battery test race to work out what used EVs are really worth,Aayega to modi hi,Modi Ji,3,5
169,2023-10-23 11:13:54+05:30,"In a surprising revelation, it has come to light that Jeff Bezos, the founder of Amazon, once dabbled in product reviewing on his own e-commerce platform. Between 2000 and 2006, the tech mogul took o… ","https://img.etimg.com/thumb/msid-104641553,width-1200,height-630,imgsize-22432,overlay-economictimes/photo.jpg",https://economictimes.indiatimes.com/news/new-updates/jeff-bezos-old-milk-review-on-amazon-goes-viral-check-elon-musks-hilarious-reaction/articleshow/104641507.cms,Jeff Bezos' old milk review on Amazon goes viral; Check Elon Musk's hilarious reaction,ET Online,ET Online,1,1
170,2023-10-23 11:06:00+05:30,"Wilmington, Delaware, Oct. 23, 2023 (GLOBE NEWSWIRE) -- Allied Market Research has recently released a report entitled, '"Electric Vehicle Market
 by Type (Fuel Cell Electric Vehicle, Plug-in Hybrid … ",https://ml.globenewswire.com/Resource/Download/9c430095-89f7-48b4-b8f0-e1f4ed1a5660,https://www.globenewswire.com/news-release/2023/10/23/2764378/0/en/Electric-Vehicle-Market-EV-Industry-Is-Set-to-Reach-an-Estimate-of-823-75-Billion-by-2030-at-a-Compound-Annual-Growth-Rate-CAGR-Of-18-2-Allied-Market-Research.html,"Electric Vehicle Market (EV Industry) Is Set to Reach an Estimate of $823.75 Billion by 2030, at a Compound Annual Growth Rate (CAGR) Of 18.2%: Allied Market Research",Allied Market Research,Allied Market Research,1,2
171,2023-10-23 11:00:52+05:30,"Terry Gou, founder and former chairman of Foxconn and independent Taiwanese presidential candidate, speaks during a press conference in Taipei on September 14, 2023.
Sam Yeh/AFP via Getty Images
Ch… ","https://imageio.forbes.com/specials-images/imageserve/6535fe0a34375307504cf381/0x0.jpg?format=jpg&crop=1950,1096,x0,y194,safe&height=900&width=1600&fit=bounds",https://www.forbes.com/sites/shanshankao/2023/10/23/billionaire-terry-gous-foxconn-under-investigation-says-china-state-media/,"Billionaire Terry Gou’s Foxconn Under Investigation, Says China State Media","Shanshan Kao, Forbes Staff, 
 Shanshan Kao, Forbes Staff
 https://www.forbes.com/sites/shanshankao/","Shanshan Kao, Forbes Staff, 
 Shanshan Kao, Forbes Staff
 https://www.forbes.com/sites/shanshankao/",9,3
172,2023-10-23 10:31:45+05:30,"Discounts, more launches of small cars and unlikely alliances are all viable tactics for those car makers least strong on EVs as they look to comply with the government order that states almost one i… ",https://www.autocar.co.uk/sites/autocar.co.uk/files/images/car-reviews/first-drives/legacy/ford-v-toyota-news-2023-web.jpg,https://www.autocar.co.uk/car-news/business-electric-vehicles/how-car-makers-hit-zev-mandate,How electric laggards can hit 22% EV mandate in 2024,Nick Gibbs,Nick Gibbs,5,4
173,2023-10-23 10:08:07+05:30,"Billionaire Elon Musk has been in the news ever since his takeover of Twitter, which was later changed to X. The Founder of SpaceX and Tesla posts on the microblogging platform regularly, often intri… ",https://c.biztoc.com/p/9fc650adfaa596e6/og.webp,https://biztoc.com/x/9fc650adfaa596e6,Elon Musk Willing To Offer $1 Billion To Wikipedia If It Changes Name To..,ndtv.com,ndtv.com,2,3
174,2023-10-23 09:10:09+05:30,"Sign up for daily news updates from CleanTechnica on email. Or follow us on Google News!
New research by Possible, a UK climate advocacy group, finds that average tailpipe emissions from new interna… ",http://cleantechnica.com/files/2022/02/HUMMER_CHI_4.jpg,https://cleantechnica.com/2023/10/22/average-tailpipe-emissions-today-higher-than-they-were-10-years-ago/,Average Tailpipe Emissions Today Higher Than They Were 10 Years Ago,Steve Hanley,Steve Hanley,6,4
176,2023-10-23 08:36:45+05:30,"Chinese authorities are again shaking the confidence of foreign companies in the country with a series of arrests and an investigation into Foxconn Technology Group, Apple Inc.s most important partne… ","https://img.etimg.com/thumb/msid-104638425,width-1200,height-630,imgsize-26478,overlay-economictimes/photo.jpg",https://economictimes.indiatimes.com/news/international/business/china-rattles-foreign-firms-again-with-arrests-foxconn-probe/articleshow/104638437.cms,"China rattles foreign firms again with arrests, Foxconn probe",Bloomberg,Bloomberg,1,2
179,2023-10-23 07:06:56+05:30,"Reducing energy consumption is an important part of fighting climate changeand a great way to cut expenses. Governments, corporations, and homeowners are looking to technology to reduce the demand fo… ","https://s7d1.scene7.com/is/image/CENODS/10135-cover-roof?$responsive$&wid=700&qlt=90,0&resMode=sharp2",https://cen.acs.org/business/specialty-chemicals/cool-coatings-combat-climate-change/101/i35,Can cool coatings combat climate change?,C&en,C&en,2,3
180,2023-10-23 06:42:14+05:30,"Ive read recently that Musk wanted Buffett to invest in Tesla after Buffett showed Musk great admiration. I agree that Musk is admirable because Musk did find PayPal, Tesla, SpaceX and so on.However,… ",https://c.biztoc.com/p/919ec9530904aa03/s.webp,https://biztoc.com/x/919ec9530904aa03,Why Doesn’t Buffet Invest in Tesla (NASDAQ: TSLA) ?,medium.datadriveninvestor.com,medium.datadriveninvestor.com,7,5
181,2023-10-23 06:06:05+05:30,"None Financial analyst Kevin Paffrath criticized Elon Musk''s comments on Tesla''s recent earnings call.None He said Musk blamed the EV maker''s struggles on economic factors instead of '"coming up with … ",https://c.biztoc.com/p/d47c827c9f02d98f/s.webp,https://biztoc.com/x/d47c827c9f02d98f,"Elon Musk acted like a ''little baby'' and was ''almost in tears'' on Tesla''s ''terrible'' earnings call, analyst says",finance.yahoo.com,finance.yahoo.com,7,1
183,2023-10-23 05:54:08+05:30,"Tesla digs its own grave with the Cybertruck, Convoy collapses and Rivian scores a win at RebelleWelcome back to The Station, your central hub for all past, present and future means of moving people … ",https://c.biztoc.com/p/0ac519f658144fab/og.webp,https://biztoc.com/x/0ac519f658144fab,"Tesla ‘digs its own grave with the Cybertruck,’ Convoy collapses and Rivian scores a win at Rebelle",techcrunch.com,techcrunch.com,1,1
184,2023-10-23 05:41:51+05:30,"Here are the latest news items and commentary on current economics news, market trends, stocks, investing opportunities, and the precious metals markets. In this column, JWR also covers hedges, deriv… ",https://survivalblog.com/wp-content/uploads/2020/09/Silverware_2.jpg,https://survivalblog.com/2023/10/23/economics-investing-preppers-732/,Economics & Investing For Preppers,James Wesley Rawles,James Wesley Rawles,10,3
185,2023-10-23 05:24:05+05:30,"This report is from today''s CNBC Daily Open, our new, international markets newsletter. CNBC Daily Open brings investors up to speed on everything they need to know, no matter where they are. Like wh… ",https://c.biztoc.com/p/737a021634c6e2f8/s.webp,https://biztoc.com/x/737a021634c6e2f8,Daily Open: Investors can’t shake off the feeling of uncertainty,cnbc.com,cnbc.com,7,3
186,2023-10-23 05:12:10+05:30,"Amazon Founder Jeff Bezos , known for his past stint as a product reviewer on the e-commerce platform from 2000 to 2006, recently sparked internet buzz with an old review dating back to 2006.The revi… ",https://c.biztoc.com/p/fd9d9bd73cc7f257/og.webp,https://biztoc.com/x/fd9d9bd73cc7f257,Elon Musk reacts to Bezos' old product review trending on social media,timesofindia.indiatimes.com,timesofindia.indiatimes.com,4,3
188,2023-10-23 04:58:09+05:30,"It is not a secret that Elon Musk hates left-media, as he frequently criticises the left-liberal media houses. He also has equal disdain for Wikipedia, given the fact that the online encyclopaedia ha… ",https://c.biztoc.com/p/3283357cb5026942/og.webp,https://biztoc.com/x/3283357cb5026942,"Elon Musk offers to give one billion dollar to Wikipedia, with a condition",opindia.com,opindia.com,2,5
187,2023-10-23 05:09:49+05:30,"This report is from today''s CNBC Daily Open, our new, international markets newsletter. CNBC Daily Open brings investors up to speed on everything they need to know, no matter where they are. Like wh… ",https://image.cnbcfm.com/api/v1/image/107308670-1695930955313-gettyimages-1478432952-118.jpeg?v=1698017989&w=1920&h=1080,https://www.cnbc.com/2023/10/23/stock-markets-investors-cant-shake-off-the-feeling-of-uncertainty.html,CNBC Daily Open: Investors can’t shake off the feeling of uncertainty,Aayega to modi hi,Modi Ji,6,2
190,2023-10-23 04:44:10+05:30,"Skip to comments.
Elon Musk Says Hell Give Wikipedia $1 Billion if They Change Their Name to D*ckipediaYahoo ^
 | Unknown 
Posted on 10/22/2023 4:14:10 PM PDT by jacknhoo
Elon Musk made a bold do… ",,https://freerepublic.com/focus/f-chat/4191545/posts,Elon Musk Says He’ll Give Wikipedia $1 Billion if They Change Their Name to D*ckipedia,Yahoo,Yahoo,11,1
191,2023-10-23 04:14:12+05:30,"Skip to comments.
Has Biden''s EV revolution ALREADY lost its spark? Experts say motorists are rejecting White House push for electric vehicles - as Ford and GM both scale back on production of their… ",,https://freerepublic.com/focus/f-chat/4191539/posts,Has Biden's EV revolution ALREADY lost its spark? Experts say motorists are rejecting White House push for electric vehicles - as Ford and GM both scale back on production of their eco pickup trucks (only 7.25 years left),Daily Mail,Daily Mail,2,2
193,2023-10-23 02:58:15+05:30,"Tesla has begun delivering its refreshed Model 3 “Highland” in Germany, as shown in a new set of pictures. The updated version of Tesla’s Model 3, dubbed “Project Highland,” has been spotted roaming … ",https://www.gizchina.com/wp-content/uploads/images/2023/10/Tesla-d-1.jpg,https://www.gizchina.com/2023/10/22/tesla-model-3-highland-germany/,Tesla Model 3 Highland delivered to Germany for the first time,Efe Udin,Efe Udin,10,1
194,2023-10-23 02:24:10+05:30,"Tesla stock had a dreadful week after posting disappointing earnings. RBCs Tom Narayan thinks investors are missing something important that will generate billions in value down the road.
#tesla#rbc… ",https://c.biztoc.com/p/cc43948b97a9e001/og.webp,https://biztoc.com/x/cc43948b97a9e001,"Tesla Can Do This to Create Billions in Value, One Analyst Says - Barrons",barrons.com,barrons.com,9,4
195,2023-10-23 02:20:09+05:30,"Teslas long-delayed Cybertruck, its blocky version of a pickup truck, will finally be available in November though CEO Elon Musk cautioned investors to keep their sales expectations in check because … ",https://c.biztoc.com/p/13f2f1f7ff635ca3/s.webp,https://biztoc.com/x/13f2f1f7ff635ca3,Musk warns of 'enormous challenges' for Tesla Cybertruck production and pricing,forbes.com.au,forbes.com.au,7,4
197,2023-10-23 01:40:06+05:30,"Welcome back to The Station, your central hub for all past, present and future means of moving people and packages from Point A to Point B.Your usual host Kirsten was shredding off-road at the Rebell… ",https://c.biztoc.com/p/9d937bd37938e49e/s.webp,https://biztoc.com/x/9d937bd37938e49e,"Tesla ''digs its own grave with the Cybertruck,'' Convoy collapses and Rivian scores a win at Rebelle",finance.yahoo.com,finance.yahoo.com,5,2
198,2023-10-23 00:58:06+05:30,"Tesla digs its own grave with the Cybertruck, Convoy collapses and Rivian scores a win at RebelleWelcome back to The Station, your central hub for all past, present and future means of moving people … ",https://c.biztoc.com/p/83deae00affe5a08/s.webp,https://biztoc.com/x/83deae00affe5a08,"Tesla ‘digs its own grave with the Cybertruck,’ Convoy collapses and Rivian scores a win at Rebelle",techcrunch.com,techcrunch.com,5,3
199,2023-10-23 00:32:17+05:30,"Last week was a wild ride, to say the least. Tesla (TSLA) reported earnings and the market did not like what it had to say, as it proceeded to sell off and close the week down over 15%.
This story a… ",https://c.biztoc.com/p/42aa44d58bb7f0f1/s.webp,https://biztoc.com/x/42aa44d58bb7f0f1,"Earnings, Geopolitics and Other Key Items to Watch This Week",barchart.com,barchart.com,11,1
200,2023-10-23 00:32:08+05:30,Investing.com -- Here is your weekly Pro Recap on the biggest headlines out of tech this past week: Netflix triumphs; Nvidia hit by new China restrictions; Tesla disappoints; Apple seeing iPhone trou… ,https://c.biztoc.com/p/00f7fe2ce1b42023/s.webp,https://biztoc.com/x/00f7fe2ce1b42023,"A grim week for Nvidia and Tesla, but Netflix triumphs: Weekly tech roundup By",investing.com,investing.com,7,2
201,2023-10-22 23:33:27+05:30,"The government will bid out over 2 lakh crore worth of road projects on the build-operate-transfer (BOT) model by March 2024, giving a renewed push to the public-private partnership in road construct… ","https://img.etimg.com/thumb/msid-104633157,width-1200,height-630,imgsize-112130,overlay-economictimes/photo.jpg",https://economictimes.indiatimes.com/news/economy/infrastructure/govt-eyes-shift-to-bot-as-private-cos-show-interest-in-roads-sector/articleshow/104633176.cms,"If Tesla manufactures locally in India, it will get concessions: Gadkari",Yogima Seth Sharma and Deepshikha Sikarwar,Yogima Seth Sharma and Deepshikha Sikarwar,5,2
202,2023-10-22 23:33:27+05:30,"The government will bid out over 2 lakh crore worth of road projects on the build-operate-transfer (BOT) model by March 2024, giving a renewed push to the public-private partnership in road construct… ","https://img.etimg.com/thumb/msid-104633157,width-1200,height-630,imgsize-112130,overlay-economictimes/photo.jpg",https://economictimes.indiatimes.com/news/economy/infrastructure/govt-eyes-shift-to-bot-as-private-cos-show-interest-in-roads-sector/articleshow/104633084.cms,Govt eyes shift to BOT as private cos show interest in roads sector,Yogima Seth Sharma and Deepshikha Sikarwar,Yogima Seth Sharma and Deepshikha Sikarwar,11,2
8,2023-10-23 17:00:10+05:30,"The heavyweights in business continue to wax poetic on the economy and interest rates and, similar to what I wrote last week in these pages, it would be wise to listen to them.My esteemed colleague J… ",https://c.biztoc.com/p/7895f5d868ac2d2e/og.webp,https://biztoc.com/x/7895f5d868ac2d2e,"Why you should carefully consider what Jamie Dimon, Elon Musk and American Express just told the investing world",finance.yahoo.com,finance.yahoo.com,1,1
16,2023-10-23 16:30:45+05:30,"DevOps.com is now providing a weekly DevOps jobs report through which opportunities for DevOps professionals will be highlighted to better serve our audience.
Our goal in these challenging economic … ",https://devops.com/wp-content/uploads/2020/11/acceleration.jpg,https://devops.com/?p=166156,Five Great DevOps Job Opportunities,Mike Vizard,Mike Vizard,7,1
18,2023-10-23 16:30:00+05:30,Third-quarter earnings season has only just begun and Morgan Stanleys pessimistic market strategist Mike Wilson is already labelling it a disappointment.This week features a whole slate of megacap ea… ,https://images.mktw.net/im-873485/social,https://www.marketwatch.com/story/morgan-stanleys-wilson-next-rally-attempt-will-fail-as-investors-are-punishing-earnings-reports-98797245,Morgan Stanley’s Wilson: Next rally attempt will fail as investors are punishing earnings reports.,Steve Goldstein,Steve Goldstein,7,1
32,2023-10-23 15:30:00+05:30,"Generative AI (genAI) will soon infiltrate every aspect of our personal and business lives, meaning humanity will need to reevaluate it relationship with machines machines that are continuing to beco… ","https://images.idgesg.net/images/article/2023/10/shutterstock_1497321806-100947461-large.jpg?auto=webp&quality=85,70",https://www.computerworld.com/article/3709249/qa-the-human-machine-relationship-requires-mutual-understanding-respect-for-ai.html,"Q&A: The human-machine relationship requires mutual understanding, respect for AI",Lucas Mearian,Lucas Mearian,11,2
60,2023-10-23 12:05:40+05:30,"A race is on to certify battery health and performance in used electric vehicles, with a clutch of startups scrambling to help buyers figure out how much a secondhand EV is really worth.With traditio… ","https://img.etimg.com/thumb/msid-104643422,width-1200,height-630,imgsize-50964,overlay-economictimes/photo.jpg",https://economictimes.indiatimes.com/industry/renewables/the-battery-test-race-to-work-out-what-used-evs-are-really-worth/articleshow/104643144.cms,The battery test race to work out what used EVs are really worth,Reuters,Reuters,6,3
74,2023-10-23 09:10:09+05:30,"Sign up for daily news updates from CleanTechnica on email. Or follow us on Google News!
New research by Possible, a UK climate advocacy group, finds that average tailpipe emissions from new interna… ",http://cleantechnica.com/files/2022/02/HUMMER_CHI_4.jpg,https://cleantechnica.com/2023/10/22/average-tailpipe-emissions-today-higher-than-they-were-10-years-ago/,Average Tailpipe Emissions Today Higher Than They Were 10 Years Ago,Steve Hanley,Steve Hanley,10,1
189,2023-10-23 04:56:15+05:30,"If you been thinking of buying a home or a car, you have been startled by what''s happening with interest rates.The sharp jump in key rates since the end of July have pushed rates for homes, cars and … ",https://c.biztoc.com/p/94f238e6552996d8/s.webp,https://biztoc.com/x/94f238e6552996d8,Uneasy investors face a huge week from earnings and volatile interest rates,thestreet.com,thestreet.com,8,3
206,2023-10-22 21:43:26+05:30,"Elon Musk is CEO of Tesla. Its shares fell 15% in the past week.Getty Images
<ul><li>Financial analyst Kevin Paffrath criticized Elon Musk''s comments on Tesla''s recent earnings call.</li><li>He said… ",https://i.insider.com/64dc95814ef9f30019f7d5d1?width=1200&format=jpeg,https://www.businessinsider.com/elon-musk-acted-little-baby-tesla-terrible-call-kevin-paffrath-2023-10,"Elon Musk acted like a ''little baby'' and was ''almost in tears'' on Tesla''s ''terrible'' earnings call, analyst says",Lakshmi Varanasi,Lakshmi Varanasi,9,3
46,2023-10-23 13:55:01+05:30,"TOKYO : Tokyo''s auto show is back for the first time in four years and newly rebranded for the electric vehicle era, in a marketing overhaul that may be more reflective of industry aspirations than J… ","https://onecms-res.cloudinary.com/image/upload/s--Kizh94DN--/fl_relative,g_south_east,l_one-cms:core:watermark:reuters,w_0.1/f_auto,q_auto/c_fill,g_auto,h_676,w_1200/v1/one-cms/core/2023-10-23t083152z_2_lynxmpej9m06x_rtroptp_3_toyota-electric.jpg?itok=JYoBfdnn",https://www.channelnewsasia.com/business/japan-auto-show-returns-industry-faces-ev-turning-point-3866016,"Japan auto show returns, as industry faces EV turning point",Aayega to modi hi,Modi Ji,4,3
207,2023-10-22 21:27:50+05:30,"They call themselves the '"Dahn lab'" graduates, and they''re powering an unlikely, Halifax-based research hub for batteries designed to replace fossil fuels.
At the tightly wired network''s heart is Je… ",https://i.cbc.ca/1.7004503.1697988380!/fileImage/httpImage/image.JPG_gen/derivatives/16x9_620/ns-battery-brains-20231022.JPG,https://www.cbc.ca/news/canada/nova-scotia/halifax-professor-battery-entrepreneurs-1.7004495,How an award-winning Halifax professor nurtured a network of battery entrepreneurs,Aayega to modi hi,Modi Ji,1,3
82,2023-10-23 05:55:49+05:30,VinFast's factory in the northern Vietnamese port city of Hai Phong is capable of churning out ... ,https://imageio.forbes.com/specials-images/imageserve/6534b3fdc5ea70a8719c5415/0x0.jpg?format=jpg&height=900&width=1600&fit=bounds,https://www.forbes.com/sites/jonathanburgos/2023/10/22/billionaire-pham-nhat-vuongs-vinfast-to-raise-1-billion-selling-shares-to-hedge-fund-yorkville/,Billionaire Pham Nhat Vuong’s VinFast To Raise $1 Billion Selling Shares To Hedge Fund Yorkville,"Jonathan Burgos, Forbes Staff, 
 Jonathan Burgos, Forbes Staff
 https://www.forbes.com/sites/jonathanburgos/","Jonathan Burgos, Forbes Staff, 
 Jonathan Burgos, Forbes Staff
 https://www.forbes.com/sites/jonathanburgos/",1,2
89,2023-10-23 04:56:15+05:30,"If you been thinking of buying a home or a car, you have been startled by what''s happening with interest rates.The sharp jump in key rates since the end of July have pushed rates for homes, cars and … ",https://c.biztoc.com/p/94f238e6552996d8/s.webp,https://biztoc.com/x/94f238e6552996d8,Uneasy investors face a huge week from earnings and volatile interest rates,thestreet.com,thestreet.com,4,2
103,2023-10-22 23:00:30+05:30,"We encourage you to use comments to engage with other users, share your perspective and ask questions of authors and each other. However, in order to maintain the high level of discourse we’ve all co… ",https://i-invdn-com.investing.com/news/LYNXMPED9G1CM_L.jpg,https://www.investing.com/news/cryptocurrency-news/btc-might-touch-56000-on-blackrock-etf-trigger-tesla-puts-crypto-operations-on-hold-per-quarterly-report-vitalik-buterin-confirms-plans-for-ai-crypto-news-digest-by-utoday-3205018,"BTC Might Touch $56,000 on BlackRock ETF Trigger, Tesla Puts Crypto Operations on Hold, Per Quarterly Report; Vitalik Buterin Confirms Plans for AI: Crypto News Digest by U.Today",U.Today,U.Today,8,1
104,2023-10-22 22:34:08+05:30,"None Financial analyst Kevin Paffrath criticized Elon Musk''s comments on Tesla''s recent earnings call.None He said Musk blamed the EV maker''s struggles on economic factors instead of '"coming up with … ",https://c.biztoc.com/p/429fef38285012cd/s.webp,https://biztoc.com/x/429fef38285012cd,"Elon Musk acted like a ''little baby'' and was ''almost in tears'' on Tesla''s ''terrible'' earnings call, analyst says",aol.com,aol.com,11,1
118,2023-10-23 16:30:00+05:30,Third-quarter earnings season has only just begun and Morgan Stanleys pessimistic market strategist Mike Wilson is already labelling it a disappointment.This week features a whole slate of megacap ea… ,https://images.mktw.net/im-873485/social,https://www.marketwatch.com/story/morgan-stanleys-wilson-next-rally-attempt-will-fail-as-investors-are-punishing-earnings-reports-98797245,Morgan Stanley’s Wilson: Next rally attempt will fail as investors are punishing earnings reports.,Steve Goldstein,Steve Goldstein,2,4
133,2023-10-23 15:11:13+05:30,"World''s richest man Elon Musk has offered to donate $1 billion to Wikipedia, but with an unusual condition. Musk jokingly suggested that the renowned online encyclopedia consider changing its name to… ","https://img.etimg.com/thumb/msid-104648455,width-1200,height-630,imgsize-559842,overlay-economictimes/photo.jpg",https://economictimes.indiatimes.com/news/new-updates/in-another-unusual-suggestion-elon-musk-wants-to-donate-1-billion-to-wikipedia-but-/articleshow/104647829.cms,"In another unusual suggestion, Elon Musk wants to donate $1 billion to Wikipedia, but...",ET Online,ET Online,9,1
137,2023-10-23 14:45:59+05:30,"Tech mogul Elon Musk, the man behind SpaceX and Tesla, has offered a staggering $1 billion to Wikipedia, the popular online encyclopedia.However, this generous donation comes with an unusual conditio… ","https://img.etimg.com/thumb/msid-104647689,width-1200,height-630,imgsize-79604,overlay-etpanache/photo.jpg",https://economictimes.indiatimes.com/magazines/panache/billion-dollar-joke-teslas-elon-musk-offers-1-bn-to-wikipedia-for-nsfw-name-change/articleshow/104647468.cms,Billion-dollar joke! Tesla's Elon Musk offers $1 bn to Wikipedia for NSFW name change,ET Online,ET Online,7,3
175,2023-10-23 08:58:08+05:30,"to the list of automakers pumping the brakes on the prospects of electric pickup trucks.We dug our own grave with Cybertruck, Tesla CEO Elon Musk said during the companys Q3 earnings call on Wednesda… ",https://c.biztoc.com/p/2a80ec978829759b/og.webp,https://biztoc.com/x/2a80ec978829759b,"Cybertruck, Ford and GM EV pickups: Dug graves and unrealistic expectations",finance.yahoo.com,finance.yahoo.com,3,4
182,2023-10-23 05:55:49+05:30,VinFast's factory in the northern Vietnamese port city of Hai Phong is capable of churning out ... ,https://imageio.forbes.com/specials-images/imageserve/6534b3fdc5ea70a8719c5415/0x0.jpg?format=jpg&height=900&width=1600&fit=bounds,https://www.forbes.com/sites/jonathanburgos/2023/10/22/billionaire-pham-nhat-vuongs-vinfast-to-raise-1-billion-selling-shares-to-hedge-fund-yorkville/,Billionaire Pham Nhat Vuong’s VinFast To Raise $1 Billion Selling Shares To Hedge Fund Yorkville,"Jonathan Burgos, Forbes Staff, 
 Jonathan Burgos, Forbes Staff
 https://www.forbes.com/sites/jonathanburgos/","Jonathan Burgos, Forbes Staff, 
 Jonathan Burgos, Forbes Staff
 https://www.forbes.com/sites/jonathanburgos/",6,1
203,2023-10-22 23:00:30+05:30,"We encourage you to use comments to engage with other users, share your perspective and ask questions of authors and each other. However, in order to maintain the high level of discourse we’ve all co… ",https://i-invdn-com.investing.com/news/LYNXMPED9G1CM_L.jpg,https://www.investing.com/news/cryptocurrency-news/btc-might-touch-56000-on-blackrock-etf-trigger-tesla-puts-crypto-operations-on-hold-per-quarterly-report-vitalik-buterin-confirms-plans-for-ai-crypto-news-digest-by-utoday-3205018,"BTC Might Touch $56,000 on BlackRock ETF Trigger, Tesla Puts Crypto Operations on Hold, Per Quarterly Report; Vitalik Buterin Confirms Plans for AI: Crypto News Digest by U.Today",U.Today,U.Today,2,4
204,2023-10-22 22:34:08+05:30,"None Financial analyst Kevin Paffrath criticized Elon Musk''s comments on Tesla''s recent earnings call.None He said Musk blamed the EV maker''s struggles on economic factors instead of '"coming up with … ",https://c.biztoc.com/p/429fef38285012cd/s.webp,https://biztoc.com/x/429fef38285012cd,"Elon Musk acted like a ''little baby'' and was ''almost in tears'' on Tesla''s ''terrible'' earnings call, analyst says",aol.com,aol.com,11,4
205,2023-10-22 22:01:21+05:30,California Governor Gavin Newsom plans to visit Tesla's Shanghai factory during his upcoming China ... ,https://imageio.forbes.com/specials-images/imageserve/625dbc4cbcf1b6aa4a04133d/0x0.jpg?format=jpg&height=900&width=1600&fit=bounds,https://www.forbes.com/sites/russellflannery/2023/10/22/california-governor-gavin-newsom-to-start-week-long-china-visit-on-monday/,California Governor Gavin Newsom To Start Week-Long China Visit On Monday,"Russell Flannery, Forbes Staff, 
 Russell Flannery, Forbes Staff
 https://www.forbes.com/sites/russellflannery/","Russell Flannery, Forbes Staff, 
 Russell Flannery, Forbes Staff
 https://www.forbes.com/sites/russellflannery/",6,2
57,2023-10-23 12:44:44+05:30,"Oct 23 (Reuters) - Escalating tension in the Middle East
and surging U.S. bond yields set financial markets up for more
turbulence, exacerbated by high oil prices and China''s property
pain.
The E… ",https://www.marketscreener.com/images/twitter_MS_fdblanc.png,https://www.marketscreener.com/quote/currency/EURO-ARGENTINE-PESO-EUR-A-2356444/news/Take-Five-Another-curve-ball-for-markets-45122129/,Take Five: Another curve ball for markets,Aayega to modi hi,Modi Ji,10,1
53,2023-10-23 13:08:05+05:30,"ROUNDUP 2: Raw material hedges ruin Volkswagen''s profit target
 WOLFSBURG - The VW Group has increased sales and operating profit in the third quarter. But it is becoming more cautious about operati… ",https://www.marketscreener.com/images/twitter_MS_fdblanc.png,https://www.marketscreener.com/quote/stock/PORSCHE-AUTOMOBIL-HOLDING-3938612/news/Dpa-AFX-Overview-COMPANY-The-most-important-news-from-the-weekend-45122403/,Dpa-AFX Overview: COMPANY - The most important news from the weekend,Aayega to modi hi,Modi Ji,5,2
58,2023-10-23 12:39:59+05:30,"Oct 20 (Reuters) - China''s move on Friday to curb
exports of graphite, a key electric vehicle battery material,
will only accelerate efforts to develop alternative sources and
materials, but that … ",https://www.marketscreener.com/images/twitter_MS_fdnoir.png,https://www.marketscreener.com/quote/stock/GRAPHEX-GROUP-LIMITED-16751324/news/China-s-graphite-curbs-will-accelerate-plans-around-alternatives-45122109/,China's graphite curbs will accelerate plans around alternatives,Aayega to modi hi,Modi Ji,2,4
67,2023-10-23 11:30:01+05:30,"This report is from today''s CNBC Daily Open, our new, international markets newsletter. CNBC Daily Open brings investors up to speed on everything they need to know, no matter where they are. Like wh… ",https://image.cnbcfm.com/api/v1/image/107272762-1689661005285-gettyimages-1248380425-20090101230316-99-982373.jpeg?v=1698040801&w=1920&h=1080,https://www.cnbc.com/2023/10/23/stock-markets-feeling-of-uncertainty-hard-to-shrug-off-for-investors.html,CNBC Daily Open: Feeling of uncertainty is hard to shrug off for investors,Aayega to modi hi,Modi Ji,4,2
68,2023-10-23 11:30:00+05:30,"LONDON/DETROIT, Oct 23 (Reuters) - A race is on to
certify battery health and performance in used electric
vehicles, with a clutch of startups scrambling to help buyers
figure out how much a secon… ",https://www.marketscreener.com/images/reuters/2023-10/2023-10-23T060535Z_1_LYNXMPEJ9M048_RTROPTP_3_TOTW-EV-TECHNOLOGY.JPG,https://www.marketscreener.com/quote/stock/TESLA-INC-6344549/news/The-battery-test-race-to-work-out-what-used-EVs-are-really-worth-45121567/,The battery test race to work out what used EVs are really worth,Aayega to modi hi,Modi Ji,7,1
114,2023-10-23 16:34:33+05:30,"Tesla said on Monday its capital expenditure for 2023 would exceed the $7 billion to $9 billion target it had laid out earlier this year, as the electric-vehicle maker ramps up output at its factorie… ","https://onecms-res.cloudinary.com/image/upload/s--4oEsduXC--/fl_relative,g_south_east,l_one-cms:core:watermark:reuters,w_0.1/f_auto,q_auto/c_fill,g_auto,h_676,w_1200/v1/one-cms/core/2023-10-23t110433z_1_lynxmpej9m09w_rtroptp_3_tesla-stocks.jpg?itok=OMku1ss0",https://www.channelnewsasia.com/business/tesla-exceed-9-billion-spending-target-year-it-rolls-out-new-models-3866336,Tesla to exceed $9 billion spending target this year as it rolls out new models,Aayega to modi hi,Modi Ji,1,1
157,2023-10-23 12:44:44+05:30,"Oct 23 (Reuters) - Escalating tension in the Middle East
and surging U.S. bond yields set financial markets up for more
turbulence, exacerbated by high oil prices and China''s property
pain.
The E… ",https://www.marketscreener.com/images/twitter_MS_fdblanc.png,https://www.marketscreener.com/quote/currency/EURO-ARGENTINE-PESO-EUR-A-2356444/news/Take-Five-Another-curve-ball-for-markets-45122129/,Take Five: Another curve ball for markets,Aayega to modi hi,Modi Ji,5,2
158,2023-10-23 12:39:59+05:30,"Oct 20 (Reuters) - China''s move on Friday to curb
exports of graphite, a key electric vehicle battery material,
will only accelerate efforts to develop alternative sources and
materials, but that … ",https://www.marketscreener.com/images/twitter_MS_fdnoir.png,https://www.marketscreener.com/quote/stock/GRAPHEX-GROUP-LIMITED-16751324/news/China-s-graphite-curbs-will-accelerate-plans-around-alternatives-45122109/,China's graphite curbs will accelerate plans around alternatives,Aayega to modi hi,Modi Ji,1,1
167,2023-10-23 11:30:01+05:30,"This report is from today''s CNBC Daily Open, our new, international markets newsletter. CNBC Daily Open brings investors up to speed on everything they need to know, no matter where they are. Like wh… ",https://image.cnbcfm.com/api/v1/image/107272762-1689661005285-gettyimages-1248380425-20090101230316-99-982373.jpeg?v=1698040801&w=1920&h=1080,https://www.cnbc.com/2023/10/23/stock-markets-feeling-of-uncertainty-hard-to-shrug-off-for-investors.html,CNBC Daily Open: Feeling of uncertainty is hard to shrug off for investors,Aayega to modi hi,Modi Ji,2,2
168,2023-10-23 11:30:00+05:30,"LONDON/DETROIT, Oct 23 (Reuters) - A race is on to
certify battery health and performance in used electric
vehicles, with a clutch of startups scrambling to help buyers
figure out how much a secon… ",https://www.marketscreener.com/images/reuters/2023-10/2023-10-23T060535Z_1_LYNXMPEJ9M048_RTROPTP_3_TOTW-EV-TECHNOLOGY.JPG,https://www.marketscreener.com/quote/stock/TESLA-INC-6344549/news/The-battery-test-race-to-work-out-what-used-EVs-are-really-worth-45121567/,The battery test race to work out what used EVs are really worth,Aayega to modi hi,Modi Ji,11,2
147,2023-10-23 13:50:25+05:30,"* Tokyo show opens on Thursday for first time since 2019
* Toyota beginning strategic pivot to battery EVs
* BYD to be first Chinese automaker to exhibit at show
* Japan domestic auto market shrin… ",https://www.marketscreener.com/images/twitter_MS_fdnoir.png,https://www.marketscreener.com/quote/stock/TOYOTA-INDUSTRIES-CORPORA-6493686/news/Japan-auto-show-returns-as-industry-faces-EV-turning-point-45122755/,"Japan auto show returns, as industry faces EV turning point",Aayega to modi hi,Modi Ji,11,2
